"","Img","MeasDate","MeasTime","Tube","Location","PxSizeH","PxSizeV","TotLength.mm","TotProjArea.mm2","TotSurfArea.mm2","TotAvgDiam.10ths.mm","TotVolume.mm3","TotNumberOfTips","AliveLength.mm","AliveProjArea.mm2","AliveSurfArea.mm2","AliveAvgDiam.10ths.mm","AliveVolume.mm3","AliveNumberOfTips","DeadLength.mm","DeadProjArea.mm2","DeadSurfArea.mm2","DeadAvgDiam.10ths.mm","DeadVolume.mm3","DeadNumberOfTips","GoneLength.mm","GoneProjArea.mm2","GoneSurfArea.mm2","GoneAvgDiam.10ths.mm","GoneVolume.mm3","GoneNumberOfTips","NumberOfClasses","L0to0.5","L0.5to1","L1to1.5","L1.5to2","L2to2.5","L2.5to3","L3to3.5","L3.5to4","L4to4.5","Lgreaterthan4.5","SA0to0.5","SA0.5to1","SA1to1.5","SA1.5to2","SA2to2.5","SA2.5to3","SA3to3.5","SA3.5to4","SA4to4.5","SAgreaterthan4.5","PA0to0.5","PA0.5to1","PA1to1.5","PA1.5to2","PA2to2.5","PA2.5to3","PA3to3.5","PA3.5to4","PA4to4.5","PAgreaterthan4.5","V0to0.5","V0.5to1","V1to1.5","V1.5to2","V2to2.5","V2.5to3","V3to3.5","V3.5to4","V4to4.5","Vgreaterthan4.5","T0to0.5","T0.5to1","T1to1.5","T1.5to2","T2to2.5","T2.5to3","T3to3.5","T3.5to4","T4to4.5","Tgreaterthan4.5","Crop","RepSet","AnyRootsRef","AnyRootsLog","AnyRootsTrace"
"1","CONSISTEST_T001_L001_2011.06.06_155541_001_CKB.jpg","6/6/2011","18:57:33",1,1,0.023881,0.025172,120.6765,19.5388,61.3829,1.6191,2.694,33,114.1205,18.3582,57.6739,1.6087,2.526,31,6.556,1.1806,3.709,1.8008,0.169,2,0,0,0,0,0,0,10,0,10.0885,57.7849,37.9254,4.5358,10.3418,0,0,0,0,0,2.9123,24.7879,21.6003,3.1443,8.9381,0,0,0,0,0,0.927,7.8902,6.8756,1.0009,2.8451,0,0,0,0,0,0.0678,0.8533,0.9847,0.1735,0.6156,0,0,0,0,0,5,17,6,1,2,0,0,0,0,"Misc",0,"y","y","y"
"102","CONSISTEST_T001_L002_2011.06.06_155541_001_CKB.jpg","6/7/2011","09:58:41",1,2,0.023881,0.025172,0,0,0,0,0,0,0,0,0,0,0,0,0,0,0,0,0,0,0,0,0,0,0,0,10,0,0,0,0,0,0,0,0,0,0,0,0,0,0,0,0,0,0,0,0,0,0,0,0,0,0,0,0,0,0,0,0,0,0,0,0,0,0,0,0,0,0,0,0,0,0,0,0,0,0,"Misc",0,"y","n","n"
"103","CONSISTEST_T001_L003_2011.06.06_155541_001_CKB.jpg","6/7/2011","09:58:41",1,3,0.023881,0.025172,0,0,0,0,0,0,0,0,0,0,0,0,0,0,0,0,0,0,0,0,0,0,0,0,10,0,0,0,0,0,0,0,0,0,0,0,0,0,0,0,0,0,0,0,0,0,0,0,0,0,0,0,0,0,0,0,0,0,0,0,0,0,0,0,0,0,0,0,0,0,0,0,0,0,0,"Switch",0,"n","n","n"
"104","CONSISTEST_T001_L004_2011.06.06_155541_001_CKB.jpg","6/7/2011","09:58:41",1,4,0.023881,0.025172,0,0,0,0,0,0,0,0,0,0,0,0,0,0,0,0,0,0,0,0,0,0,0,0,10,0,0,0,0,0,0,0,0,0,0,0,0,0,0,0,0,0,0,0,0,0,0,0,0,0,0,0,0,0,0,0,0,0,0,0,0,0,0,0,0,0,0,0,0,0,0,0,0,0,0,"Prairie",0,"n","n","n"
"105","CONSISTEST_T001_L005_2011.06.06_155541_001_CKB.jpg","6/7/2011","09:58:41",1,5,0.023881,0.025172,7.4822,1.1011,3.4591,1.4716,0.127,3,7.4822,1.1011,3.4591,1.4716,0.127,3,0,0,0,0,0,0,0,0,0,0,0,0,10,0,0,7.4822,0,0,0,0,0,0,0,0,0,3.4591,0,0,0,0,0,0,0,0,0,1.1011,0,0,0,0,0,0,0,0,0,0.1273,0,0,0,0,0,0,0,0,0,3,0,0,0,0,0,0,0,"Prairie",11,"y","y","y"
"106","CONSISTEST_T001_L006_2011.06.06_155541_001_CKB.jpg","6/7/2011","09:58:41",1,6,0.023881,0.025172,0,0,0,0,0,0,0,0,0,0,0,0,0,0,0,0,0,0,0,0,0,0,0,0,10,0,0,0,0,0,0,0,0,0,0,0,0,0,0,0,0,0,0,0,0,0,0,0,0,0,0,0,0,0,0,0,0,0,0,0,0,0,0,0,0,0,0,0,0,0,0,0,0,0,0,"Prairie",0,"n","n","n"
"107","CONSISTEST_T001_L007_2011.06.06_155541_001_CKB.jpg","6/7/2011","09:58:41",1,7,0.023881,0.025172,0,0,0,0,0,0,0,0,0,0,0,0,0,0,0,0,0,0,0,0,0,0,0,0,10,0,0,0,0,0,0,0,0,0,0,0,0,0,0,0,0,0,0,0,0,0,0,0,0,0,0,0,0,0,0,0,0,0,0,0,0,0,0,0,0,0,0,0,0,0,0,0,0,0,0,"Prairie",0,"n","n","n"
"108","CONSISTEST_T001_L008_2011.06.06_155541_001_CKB.jpg","6/7/2011","09:58:41",1,8,0.023881,0.025172,26.3197,5.1254,16.102,1.9474,0.985,8,26.3197,5.1254,16.102,1.9474,0.985,8,0,0,0,0,0,0,0,0,0,0,0,0,10,0,1.0661,7.1196,15.2952,0,0,0,0,0,2.8387,0,0.3288,2.8614,8.756,0,0,0,0,0,4.1558,0,0.1046,0.9108,2.7871,0,0,0,0,0,1.3228,0,0.0081,0.0921,0.4008,0,0,0,0,0,0.4841,0,0,3,4,0,0,0,0,0,1,"Switch",8,"y","y","y"
"109","CONSISTEST_T001_L009_2011.06.06_155541_001_CKB.jpg","6/7/2011","09:58:41",1,9,0.023881,0.025172,0,0,0,0,0,0,0,0,0,0,0,0,0,0,0,0,0,0,0,0,0,0,0,0,10,0,0,0,0,0,0,0,0,0,0,0,0,0,0,0,0,0,0,0,0,0,0,0,0,0,0,0,0,0,0,0,0,0,0,0,0,0,0,0,0,0,0,0,0,0,0,0,0,0,0,"Corn",0,"n","n","n"
"110","CONSISTEST_T001_L010_2011.06.06_155541_001_CKB.jpg","6/7/2011","09:58:41",1,10,0.023881,0.025172,83.6114,34.4088,108.0984,4.1153,14.423,14,83.6114,34.4088,108.0984,4.1153,14.423,14,0,0,0,0,0,0,0,0,0,0,0,0,10,0,0,1.9707,6.0371,6.091,1.1749,38.8081,12.6728,1.5215,15.3353,0,0,0.9111,3.7217,4.317,1.015,39.8823,14.9003,1.9945,41.3564,0,0,0.29,1.1846,1.3741,0.3231,12.6949,4.7429,0.6349,13.1641,0,0,0.0335,0.1826,0.2439,0.0698,3.2656,1.3951,0.2082,9.037,0,0,1,2,2,0,3,5,0,1,"Corn",2,"y","y","y"
"111","CONSISTEST_T001_L011_2011.06.06_155541_001_CKB.jpg","6/7/2011","09:58:41",1,11,0.023881,0.025172,25.8516,6.8012,21.3667,2.6309,1.453,5,25.8516,6.8012,21.3667,2.6309,1.453,5,0,0,0,0,0,0,0,0,0,0,0,0,10,0,0,2.0787,0.1844,13.0501,1.9144,8.624,0,0,0,0,0,0.961,0.1014,10.0434,1.6226,8.6384,0,0,0,0,0,0.3059,0.0323,3.1969,0.5165,2.7497,0,0,0,0,0,0.0354,0.0044,0.6152,0.1094,0.6886,0,0,0,0,0,1,0,2,1,1,0,0,0,"Corn",0,"y","y","y"
"112","CONSISTEST_T001_L012_2011.06.06_155541_001_CKB.jpg","6/7/2011","09:58:41",1,12,0.023881,0.025172,19.1594,4.2428,13.3292,2.2145,0.815,7,19.1594,4.2428,13.3292,2.2145,0.815,7,0,0,0,0,0,0,0,0,0,0,0,0,10,0,1.139,3.0198,8.6457,0.1275,0.1275,6.0999,0,0,0,0,0.3511,1.3963,5.2729,0.0901,0.1102,6.1086,0,0,0,0,0.1117,0.4445,1.6784,0.0287,0.0351,1.9444,0,0,0,0,0.0086,0.0514,0.2562,0.0051,0.0076,0.4868,0,0,0,0,1,2,3,0,0,1,0,0,0,"Misc",5,"y","y","y"
"113","CONSISTEST_T001_L013_2011.06.06_155541_001_CKB.jpg","6/7/2011","09:58:41",1,13,0.023881,0.025172,0,0,0,0,0,0,0,0,0,0,0,0,0,0,0,0,0,0,0,0,0,0,0,0,10,0,0,0,0,0,0,0,0,0,0,0,0,0,0,0,0,0,0,0,0,0,0,0,0,0,0,0,0,0,0,0,0,0,0,0,0,0,0,0,0,0,0,0,0,0,0,0,0,0,0,"Misc",0,"n","n","n"
"114","CONSISTEST_T001_L014_2011.06.06_155541_001_CKB.jpg","6/7/2011","09:58:41",1,14,0.023881,0.025172,0,0,0,0,0,0,0,0,0,0,0,0,0,0,0,0,0,0,0,0,0,0,0,0,10,0,0,0,0,0,0,0,0,0,0,0,0,0,0,0,0,0,0,0,0,0,0,0,0,0,0,0,0,0,0,0,0,0,0,0,0,0,0,0,0,0,0,0,0,0,0,0,0,0,0,"Misc",0,"n","n","n"
"115","CONSISTEST_T001_L015_2011.06.06_155541_001_CKB.jpg","6/7/2011","09:58:41",1,15,0.023881,0.025172,0,0,0,0,0,0,0,0,0,0,0,0,0,0,0,0,0,0,0,0,0,0,0,0,10,0,0,0,0,0,0,0,0,0,0,0,0,0,0,0,0,0,0,0,0,0,0,0,0,0,0,0,0,0,0,0,0,0,0,0,0,0,0,0,0,0,0,0,0,0,0,0,0,0,0,"Switch",0,"n","n","n"
"116","CONSISTEST_T001_L016_2011.06.06_155541_001_CKB.jpg","6/7/2011","09:58:41",1,16,0.023881,0.025172,9.3629,2.2803,7.1639,2.4355,0.442,2,9.3629,2.2803,7.1639,2.4355,0.442,2,0,0,0,0,0,0,0,0,0,0,0,0,10,0,0,0,1.0272,5.5263,2.8095,0,0,0,0,0,0,0,0.554,4.2598,2.3501,0,0,0,0,0,0,0,0.1763,1.3559,0.7481,0,0,0,0,0,0,0,0.0238,0.2613,0.1565,0,0,0,0,0,0,0,1,1,0,0,0,0,0,"Misc",0,"y","y","y"
"117","CONSISTEST_T001_L017_2011.06.06_155541_001_CKB.jpg","6/7/2011","09:58:41",1,17,0.023881,0.025172,0,0,0,0,0,0,0,0,0,0,0,0,0,0,0,0,0,0,0,0,0,0,0,0,10,0,0,0,0,0,0,0,0,0,0,0,0,0,0,0,0,0,0,0,0,0,0,0,0,0,0,0,0,0,0,0,0,0,0,0,0,0,0,0,0,0,0,0,0,0,0,0,0,0,0,"Prairie",0,"n","n","n"
"118","CONSISTEST_T001_L018_2011.06.06_155541_001_CKB.jpg","6/7/2011","09:58:41",1,18,0.023881,0.025172,7.5542,1.2969,4.0744,1.7168,0.175,3,7.5542,1.2969,4.0744,1.7168,0.175,3,0,0,0,0,0,0,0,0,0,0,0,0,10,0,0,0,7.5542,0,0,0,0,0,0,0,0,0,4.0744,0,0,0,0,0,0,0,0,0,1.2969,0,0,0,0,0,0,0,0,0,0.1749,0,0,0,0,0,0,0,0,0,3,0,0,0,0,0,0,"Prairie",11,"y","y","y"
"119","CONSISTEST_T001_L019_2011.06.06_155541_001_CKB.jpg","6/7/2011","09:58:41",1,19,0.023881,0.025172,0,0,0,0,0,0,0,0,0,0,0,0,0,0,0,0,0,0,0,0,0,0,0,0,10,0,0,0,0,0,0,0,0,0,0,0,0,0,0,0,0,0,0,0,0,0,0,0,0,0,0,0,0,0,0,0,0,0,0,0,0,0,0,0,0,0,0,0,0,0,0,0,0,0,0,"Switch",0,"n","n","n"
"120","CONSISTEST_T001_L020_2011.06.06_155541_001_CKB.jpg","6/7/2011","09:58:41",1,20,0.023881,0.025172,0,0,0,0,0,0,0,0,0,0,0,0,0,0,0,0,0,0,0,0,0,0,0,0,10,0,0,0,0,0,0,0,0,0,0,0,0,0,0,0,0,0,0,0,0,0,0,0,0,0,0,0,0,0,0,0,0,0,0,0,0,0,0,0,0,0,0,0,0,0,0,0,0,0,0,"Misc",0,"n","n","n"
"121","CONSISTEST_T001_L021_2011.06.06_155541_001_CKB.jpg","6/7/2011","09:58:41",1,21,0.023881,0.025172,18.7414,8.5847,26.9696,4.5806,3.478,5,18.7414,8.5847,26.9696,4.5806,3.478,5,0,0,0,0,0,0,0,0,0,0,0,0,10,0,0,0,0,0.7212,0,3.9787,5.5707,4.5358,3.9349,0,0,0,0,0.5557,0,3.9853,6.8709,6.1938,9.3639,0,0,0,0,0.1769,0,1.2686,2.1871,1.9715,2.9806,0,0,0,0,0.0341,0,0.3177,0.6744,0.6734,1.7784,0,0,0,0,1,0,1,1,1,1,"Switch",0,"y","y","y"
"122","CONSISTEST_T001_L022_2011.06.06_155541_001_CKB.jpg","6/7/2011","09:58:41",1,22,0.023881,0.025172,3.8856,0.8577,2.6945,2.2073,0.149,1,3.8856,0.8577,2.6945,2.2073,0.149,1,0,0,0,0,0,0,0,0,0,0,0,0,10,0,0,0,0,3.8856,0,0,0,0,0,0,0,0,0,2.6945,0,0,0,0,0,0,0,0,0,0.8577,0,0,0,0,0,0,0,0,0,0.1487,0,0,0,0,0,0,0,0,0,1,0,0,0,0,0,"Prairie",0,"y","y","y"
"123","CONSISTEST_T001_L023_2011.06.06_155541_001_CKB.jpg","6/7/2011","09:58:41",1,23,0.023881,0.025172,5.9696,0.9992,3.1391,1.6738,0.132,1,5.9696,0.9992,3.1391,1.6738,0.132,1,0,0,0,0,0,0,0,0,0,0,0,0,10,0,0,0.8429,5.1267,0,0,0,0,0,0,0,0,0.3899,2.7491,0,0,0,0,0,0,0,0,0.1241,0.8751,0,0,0,0,0,0,0,0,0.0144,0.1174,0,0,0,0,0,0,0,0,0,1,0,0,0,0,0,0,"Prairie",0,"y","y","y"
"124","CONSISTEST_T001_L024_2011.06.06_155541_001_CKB.jpg","6/7/2011","09:58:41",1,24,0.023881,0.025172,0,0,0,0,0,0,0,0,0,0,0,0,0,0,0,0,0,0,0,0,0,0,0,0,10,0,0,0,0,0,0,0,0,0,0,0,0,0,0,0,0,0,0,0,0,0,0,0,0,0,0,0,0,0,0,0,0,0,0,0,0,0,0,0,0,0,0,0,0,0,0,0,0,0,0,"Switch",0,"n","n","n"
"125","CONSISTEST_T001_L025_2011.06.06_155541_001_CKB.jpg","6/7/2011","09:58:41",1,25,0.023881,0.025172,0,0,0,0,0,0,0,0,0,0,0,0,0,0,0,0,0,0,0,0,0,0,0,0,10,0,0,0,0,0,0,0,0,0,0,0,0,0,0,0,0,0,0,0,0,0,0,0,0,0,0,0,0,0,0,0,0,0,0,0,0,0,0,0,0,0,0,0,0,0,0,0,0,0,0,"Misc",0,"n","n","n"
"126","CONSISTEST_T001_L026_2011.06.06_155541_001_CKB.jpg","6/7/2011","09:58:41",1,26,0.023881,0.025172,0,0,0,0,0,0,0,0,0,0,0,0,0,0,0,0,0,0,0,0,0,0,0,0,10,0,0,0,0,0,0,0,0,0,0,0,0,0,0,0,0,0,0,0,0,0,0,0,0,0,0,0,0,0,0,0,0,0,0,0,0,0,0,0,0,0,0,0,0,0,0,0,0,0,0,"Misc",0,"y","n","n"
"127","CONSISTEST_T001_L027_2011.06.06_155541_001_CKB.jpg","6/7/2011","09:58:41",1,27,0.023881,0.025172,0,0,0,0,0,0,0,0,0,0,0,0,0,0,0,0,0,0,0,0,0,0,0,0,10,0,0,0,0,0,0,0,0,0,0,0,0,0,0,0,0,0,0,0,0,0,0,0,0,0,0,0,0,0,0,0,0,0,0,0,0,0,0,0,0,0,0,0,0,0,0,0,0,0,0,"Prairie",0,"y","n","n"
"128","CONSISTEST_T001_L028_2011.06.06_155541_001_CKB.jpg","6/7/2011","09:58:41",1,28,0.023881,0.025172,0,0,0,0,0,0,0,0,0,0,0,0,0,0,0,0,0,0,0,0,0,0,0,0,10,0,0,0,0,0,0,0,0,0,0,0,0,0,0,0,0,0,0,0,0,0,0,0,0,0,0,0,0,0,0,0,0,0,0,0,0,0,0,0,0,0,0,0,0,0,0,0,0,0,0,"Prairie",12,"y","y","n"
"129","CONSISTEST_T001_L029_2011.06.06_155541_001_CKB.jpg","6/7/2011","09:58:41",1,29,0.023881,0.025172,3.9395,1.3771,4.3262,3.4955,0.39,2,3.9395,1.3771,4.3262,3.4955,0.39,2,0,0,0,0,0,0,0,0,0,0,0,0,10,0,0,0,0,0,2.165,0,0,1.7746,0,0,0,0,0,0,2.0018,0,0,2.3244,0,0,0,0,0,0,0.6372,0,0,0.7399,0,0,0,0,0,0,0.1473,0,0,0.2423,0,0,0,0,0,0,1,0,0,1,0,"Switch",9,"y","y","y"
"130","CONSISTEST_T001_L030_2011.06.06_155541_001_CKB.jpg","6/7/2011","09:58:41",1,30,0.023881,0.025172,0,0,0,0,0,0,0,0,0,0,0,0,0,0,0,0,0,0,0,0,0,0,0,0,10,0,0,0,0,0,0,0,0,0,0,0,0,0,0,0,0,0,0,0,0,0,0,0,0,0,0,0,0,0,0,0,0,0,0,0,0,0,0,0,0,0,0,0,0,0,0,0,0,0,0,"Switch",0,"n","n","n"
"131","CONSISTEST_T001_L031_2011.06.06_155541_001_CKB.jpg","6/7/2011","09:58:41",1,31,0.023881,0.025172,0,0,0,0,0,0,0,0,0,0,0,0,0,0,0,0,0,0,0,0,0,0,0,0,10,0,0,0,0,0,0,0,0,0,0,0,0,0,0,0,0,0,0,0,0,0,0,0,0,0,0,0,0,0,0,0,0,0,0,0,0,0,0,0,0,0,0,0,0,0,0,0,0,0,0,"Misc",0,"n","n","n"
"132","CONSISTEST_T001_L032_2011.06.06_155541_001_CKB.jpg","6/7/2011","09:58:41",1,32,0.023881,0.025172,37.8836,4.6457,14.5949,1.2263,0.447,7,37.8836,4.6457,14.5949,1.2263,0.447,7,0,0,0,0,0,0,0,0,0,0,0,0,10,0,0,37.8836,0,0,0,0,0,0,0,0,0,14.5949,0,0,0,0,0,0,0,0,0,4.6457,0,0,0,0,0,0,0,0,0,0.4474,0,0,0,0,0,0,0,0,0,7,0,0,0,0,0,0,0,"Prairie",0,"y","y","y"
"133","CONSISTEST_T001_L033_2011.06.06_155541_001_CKB.jpg","6/7/2011","09:58:41",1,33,0.023881,0.025172,9.1456,2.0202,6.3467,2.2089,0.361,1,9.1456,2.0202,6.3467,2.2089,0.361,1,0,0,0,0,0,0,0,0,0,0,0,0,10,0,0,0,6.1137,0.8073,2.2246,0,0,0,0,0,0,0,3.7689,0.5707,2.0071,0,0,0,0,0,0,0,1.1997,0.1816,0.6389,0,0,0,0,0,0,0,0.1849,0.0321,0.1443,0,0,0,0,0,0,0,1,0,0,0,0,0,0,"Switch",0,"y","y","y"
"134","CONSISTEST_T001_L034_2011.06.06_155541_001_CKB.jpg","6/7/2011","09:58:41",1,34,0.023881,0.025172,23.5464,4.9027,15.4022,2.0821,0.861,8,23.5464,4.9027,15.4022,2.0821,0.861,8,0,0,0,0,0,0,0,0,0,0,0,0,10,0,1.824,1.3285,14.5927,0.091,5.7103,0,0,0,0,0,0.5622,0.5125,8.989,0.0643,5.2742,0,0,0,0,0,0.1789,0.1631,2.8613,0.0205,1.6788,0,0,0,0,0,0.0138,0.0157,0.4407,0.0036,0.3877,0,0,0,0,0,1,1,5,0,1,0,0,0,0,"Misc",5,"y","y","y"
"135","CONSISTEST_T001_L035_2011.06.06_155541_001_CKB.jpg","6/7/2011","09:58:41",1,35,0.023881,0.025172,62.7888,25.3853,79.7504,4.043,10.908,12,62.7888,25.3853,79.7504,4.043,10.908,12,0,0,0,0,0,0,0,0,0,0,0,0,10,0,0,7.4098,5.1119,14.8491,9.1906,1.9486,0.2229,0.2229,23.833,0,0,3.4256,3.0081,10.3102,7.9815,1.9051,0.2625,0.2975,52.5598,0,0,1.0904,0.9575,3.2818,2.5406,0.6064,0.0836,0.0947,16.7303,0,0,0.126,0.1414,0.5697,0.5521,0.1483,0.0246,0.0316,9.3351,0,0,2,2,3,2,1,0,0,2,"Prairie",0,"n","y","y"
"136","CONSISTEST_T001_L036_2011.06.06_155541_001_CKB.jpg","6/7/2011","09:58:41",1,36,0.023881,0.025172,2.7269,1.2707,3.9921,4.66,0.465,2,2.7269,1.2707,3.9921,4.66,0.465,2,0,0,0,0,0,0,0,0,0,0,0,0,10,0,0,0,0,0,0,0,0,0,2.7269,0,0,0,0,0,0,0,0,0,3.9921,0,0,0,0,0,0,0,0,0,1.2707,0,0,0,0,0,0,0,0,0,0.4651,0,0,0,0,0,0,0,0,0,2,"Corn",3,"y","y","y"
"37","CONSISTEST_T001_L037_2011.06.06_155541_001_CKB.jpg","6/6/2011","18:57:33",1,37,0.023881,0.025172,20.3811,4.6149,14.4983,2.2643,0.913,7,19.1333,4.3548,13.681,2.276,0.871,6,1.2478,0.2601,0.8172,2.0847,0.043,1,0,0,0,0,0,0,10,1.8968,0,2.452,3.9479,0.5088,11.5756,0,0,0,0,0.2923,0,1.1337,2.3996,0.3596,10.313,0,0,0,0,0.093,0,0.3609,0.7638,0.1145,3.2827,0,0,0,0,0.0036,0,0.0417,0.1162,0.0202,0.7325,0,0,0,0,1,0,1,2,0,2,0,0,0,0,"Switch",0,"y","y","y"
"138","CONSISTEST_T001_L038_2011.06.06_155541_001_CKB.jpg","6/7/2011","09:58:41",1,38,0.023881,0.025172,1.6352,0.2807,0.882,1.7168,0.038,3,1.6352,0.2807,0.882,1.7168,0.038,3,0,0,0,0,0,0,0,0,0,0,0,0,10,0,0,0,1.6352,0,0,0,0,0,0,0,0,0,0.882,0,0,0,0,0,0,0,0,0,0.2807,0,0,0,0,0,0,0,0,0,0.0379,0,0,0,0,0,0,0,0,0,3,0,0,0,0,0,0,"Corn",0,"y","y","y"
"139","CONSISTEST_T001_L039_2011.06.06_155541_001_CKB.jpg","6/7/2011","09:58:41",1,39,0.023881,0.025172,0,0,0,0,0,0,0,0,0,0,0,0,0,0,0,0,0,0,0,0,0,0,0,0,10,0,0,0,0,0,0,0,0,0,0,0,0,0,0,0,0,0,0,0,0,0,0,0,0,0,0,0,0,0,0,0,0,0,0,0,0,0,0,0,0,0,0,0,0,0,0,0,0,0,0,"Misc",0,"y","n","n"
"140","CONSISTEST_T001_L040_2011.06.06_155541_001_CKB.jpg","6/7/2011","09:58:41",1,40,0.023881,0.025172,18.2531,5.438,17.0839,2.9792,1.386,2,18.2531,5.438,17.0839,2.9792,1.386,2,0,0,0,0,0,0,0,0,0,0,0,0,10,0,0,1.9753,1.2976,4.2588,0,0,10.7215,0,0,0,0,0.9135,0.7134,2.9828,0,0,12.4742,0,0,0,0,0.2908,0.2271,0.9495,0,0,3.9707,0,0,0,0,0.0336,0.0312,0.1665,0,0,1.1553,0,0,0,0,1,0,0,0,0,1,0,0,"Misc",4,"y","y","y"
"141","CONSISTEST_T001_L041_2011.06.06_155541_001_CKB.jpg","6/7/2011","09:58:41",1,41,0.023881,0.025172,7.4559,1.8286,5.7449,2.4526,0.352,1,7.4559,1.8286,5.7449,2.4526,0.352,1,0,0,0,0,0,0,0,0,0,0,0,0,10,0,0,0,0,7.4559,0,0,0,0,0,0,0,0,0,5.7449,0,0,0,0,0,0,0,0,0,1.8286,0,0,0,0,0,0,0,0,0,0.3522,0,0,0,0,0,0,0,0,0,1,0,0,0,0,0,"Corn",0,"y","y","y"
"142","CONSISTEST_T001_L042_2011.06.06_155541_001_CKB.jpg","6/7/2011","09:58:41",1,42,0.023881,0.025172,4.4314,1.4051,4.4142,3.1708,0.362,2,4.4314,1.4051,4.4142,3.1708,0.362,2,0,0,0,0,0,0,0,0,0,0,0,0,10,0,0,0,0,0,2.7226,0,1.7088,0,0,0,0,0,0,0,2.3075,0,2.1066,0,0,0,0,0,0,0,0.7345,0,0.6706,0,0,0,0,0,0,0,0.1556,0,0.2067,0,0,0,0,0,0,0,1,0,1,0,0,"Switch",9,"y","y","y"
"143","CONSISTEST_T001_L043_2011.06.06_155541_001_CKB.jpg","6/7/2011","09:58:41",1,43,0.023881,0.025172,0,0,0,0,0,0,0,0,0,0,0,0,0,0,0,0,0,0,0,0,0,0,0,0,10,0,0,0,0,0,0,0,0,0,0,0,0,0,0,0,0,0,0,0,0,0,0,0,0,0,0,0,0,0,0,0,0,0,0,0,0,0,0,0,0,0,0,0,0,0,0,0,0,0,0,"Misc",6,"y","n","n"
"144","CONSISTEST_T001_L044_2011.06.06_155541_001_CKB.jpg","6/7/2011","09:58:41",1,44,0.023881,0.025172,0,0,0,0,0,0,0,0,0,0,0,0,0,0,0,0,0,0,0,0,0,0,0,0,10,0,0,0,0,0,0,0,0,0,0,0,0,0,0,0,0,0,0,0,0,0,0,0,0,0,0,0,0,0,0,0,0,0,0,0,0,0,0,0,0,0,0,0,0,0,0,0,0,0,0,"Prairie",12,"y","y","n"
"145","CONSISTEST_T001_L045_2011.06.06_155541_001_CKB.jpg","6/7/2011","09:58:41",1,45,0.023881,0.025172,10.4819,4.8134,15.1217,4.5921,1.749,1,10.4819,4.8134,15.1217,4.5921,1.749,1,0,0,0,0,0,0,0,0,0,0,0,0,10,0,0,0,0,0,0,0,2.5071,1.0113,6.9636,0,0,0,0,0,0,0,3.0926,1.3502,10.6789,0,0,0,0,0,0,0,0.9844,0.4298,3.3992,0,0,0,0,0,0,0,0.3036,0.1435,1.3034,0,0,0,0,0,0,0,0,0,1,"Prairie",0,"y","y","y"
"146","CONSISTEST_T001_L046_2011.06.06_155541_001_CKB.jpg","6/7/2011","09:58:41",1,46,0.023881,0.025172,170.8363,8.3799,26.3262,0.4905,0.323,64,170.8363,8.3799,26.3262,0.4905,0.323,64,0,0,0,0,0,0,0,0,0,0,0,0,10,170.8363,0,0,0,0,0,0,0,0,0,26.3262,0,0,0,0,0,0,0,0,0,8.3799,0,0,0,0,0,0,0,0,0,0.3228,0,0,0,0,0,0,0,0,0,64,0,0,0,0,0,0,0,0,0,"Corn",0,"y","y","y"
"147","CONSISTEST_T001_L047_2011.06.06_155541_001_CKB.jpg","6/7/2011","09:58:41",1,47,0.023881,0.025172,51.5279,18.1806,57.116,3.5283,5.858,14,51.5279,18.1806,57.116,3.5283,5.858,14,0,0,0,0,0,0,0,0,0,0,0,0,10,0,0,3.1172,6.9524,4.1892,9.5608,6.5496,1.4947,3.1602,16.5037,0,0,1.3036,3.8679,3.1134,8.7257,6.5849,1.7738,4.2758,27.4709,0,0,0.4149,1.2312,0.991,2.7775,2.096,0.5646,1.361,8.7443,0,0,0.0437,0.1719,0.1845,0.6342,0.5269,0.1676,0.4605,3.6806,0,0,3,3,2,2,1,0,1,2,"Corn",0,"y","y","y"
"148","CONSISTEST_T001_L048_2011.06.06_155541_001_CKB.jpg","6/7/2011","09:58:41",1,48,0.023881,0.025172,43.9898,12.5836,39.5326,2.8606,3.158,11,43.9898,12.5836,39.5326,2.8606,3.158,11,0,0,0,0,0,0,0,0,0,0,0,0,10,0,0,0,19.2626,4.7957,0,0,19.9314,0,0,0,0,0,11.4999,3.4609,0,0,24.5718,0,0,0,0,0,3.6605,1.1016,0,0,7.8214,0,0,0,0,0,0.548,0.1993,0,0,2.4106,0,0,0,0,0,6,3,0,0,2,0,0,"Switch",0,"y","y","y"
"149","CONSISTEST_T001_L049_2011.06.06_155541_001_CKB.jpg","6/7/2011","09:58:41",1,49,0.023881,0.025172,0,0,0,0,0,0,0,0,0,0,0,0,0,0,0,0,0,0,0,0,0,0,0,0,10,0,0,0,0,0,0,0,0,0,0,0,0,0,0,0,0,0,0,0,0,0,0,0,0,0,0,0,0,0,0,0,0,0,0,0,0,0,0,0,0,0,0,0,0,0,0,0,0,0,0,"Misc",0,"n","n","n"
"150","CONSISTEST_T001_L050_2011.06.06_155541_001_CKB.jpg","6/7/2011","09:58:41",1,50,0.023881,0.025172,18.2485,5.4058,16.9828,2.9623,1.348,2,18.2485,5.4058,16.9828,2.9623,1.348,2,0,0,0,0,0,0,0,0,0,0,0,0,10,0,0,0,4.3577,0.8716,2.3544,4.7694,5.8953,0,0,0,0,0,2.3723,0.6161,1.9848,5.149,6.8605,0,0,0,0,0,0.7551,0.1961,0.6318,1.639,2.1838,0,0,0,0,0,0.1028,0.0347,0.1332,0.4424,0.6357,0,0,0,0,0,1,0,0,1,0,0,0,"Misc",4,"y","y","y"
"151","CONSISTEST_T001_L051_2011.06.06_155541_001_CKB.jpg","6/7/2011","09:58:41",1,51,0.023881,0.025172,0,0,0,0,0,0,0,0,0,0,0,0,0,0,0,0,0,0,0,0,0,0,0,0,10,0,0,0,0,0,0,0,0,0,0,0,0,0,0,0,0,0,0,0,0,0,0,0,0,0,0,0,0,0,0,0,0,0,0,0,0,0,0,0,0,0,0,0,0,0,0,0,0,0,0,"Misc",0,"n","n","n"
"152","CONSISTEST_T001_L052_2011.06.06_155541_001_CKB.jpg","6/7/2011","09:58:41",1,52,0.023881,0.025172,0,0,0,0,0,0,0,0,0,0,0,0,0,0,0,0,0,0,0,0,0,0,0,0,10,0,0,0,0,0,0,0,0,0,0,0,0,0,0,0,0,0,0,0,0,0,0,0,0,0,0,0,0,0,0,0,0,0,0,0,0,0,0,0,0,0,0,0,0,0,0,0,0,0,0,"Prairie",0,"n","n","n"
"153","CONSISTEST_T001_L053_2011.06.06_155541_001_CKB.jpg","6/7/2011","09:58:41",1,53,0.023881,0.025172,0,0,0,0,0,0,0,0,0,0,0,0,0,0,0,0,0,0,0,0,0,0,0,0,10,0,0,0,0,0,0,0,0,0,0,0,0,0,0,0,0,0,0,0,0,0,0,0,0,0,0,0,0,0,0,0,0,0,0,0,0,0,0,0,0,0,0,0,0,0,0,0,0,0,0,"Corn",0,"y","n","n"
"154","CONSISTEST_T001_L054_2011.06.06_155541_001_CKB.jpg","6/7/2011","09:58:41",1,54,0.023881,0.025172,0,0,0,0,0,0,0,0,0,0,0,0,0,0,0,0,0,0,0,0,0,0,0,0,10,0,0,0,0,0,0,0,0,0,0,0,0,0,0,0,0,0,0,0,0,0,0,0,0,0,0,0,0,0,0,0,0,0,0,0,0,0,0,0,0,0,0,0,0,0,0,0,0,0,0,"Corn",0,"n","n","n"
"155","CONSISTEST_T001_L055_2011.06.06_155541_001_CKB.jpg","6/7/2011","09:58:41",1,55,0.023881,0.025172,0,0,0,0,0,0,0,0,0,0,0,0,0,0,0,0,0,0,0,0,0,0,0,0,10,0,0,0,0,0,0,0,0,0,0,0,0,0,0,0,0,0,0,0,0,0,0,0,0,0,0,0,0,0,0,0,0,0,0,0,0,0,0,0,0,0,0,0,0,0,0,0,0,0,0,"Corn",1,"y","n","n"
"156","CONSISTEST_T001_L056_2011.06.06_155541_001_CKB.jpg","6/7/2011","09:58:41",1,56,0.023881,0.025172,0,0,0,0,0,0,0,0,0,0,0,0,0,0,0,0,0,0,0,0,0,0,0,0,10,0,0,0,0,0,0,0,0,0,0,0,0,0,0,0,0,0,0,0,0,0,0,0,0,0,0,0,0,0,0,0,0,0,0,0,0,0,0,0,0,0,0,0,0,0,0,0,0,0,0,"Misc",0,"n","n","n"
"157","CONSISTEST_T001_L057_2011.06.06_155541_001_CKB.jpg","6/7/2011","09:58:41",1,57,0.023881,0.025172,27.0376,4.4897,14.1048,1.6605,0.63,8,27.0376,4.4897,14.1048,1.6605,0.63,8,0,0,0,0,0,0,0,0,0,0,0,0,10,0,1.3399,11.2866,11.2784,0,3.1327,0,0,0,0,0,0.413,4.7152,6.3215,0,2.6552,0,0,0,0,0,0.1315,1.5009,2.0122,0,0.8452,0,0,0,0,0,0.0101,0.1577,0.283,0,0.1791,0,0,0,0,0,2,3,2,0,1,0,0,0,0,"Switch",8,"y","y","y"
"158","CONSISTEST_T001_L058_2011.06.06_155541_001_CKB.jpg","6/7/2011","09:58:41",1,58,0.023881,0.025172,0,0,0,0,0,0,0,0,0,0,0,0,0,0,0,0,0,0,0,0,0,0,0,0,10,0,0,0,0,0,0,0,0,0,0,0,0,0,0,0,0,0,0,0,0,0,0,0,0,0,0,0,0,0,0,0,0,0,0,0,0,0,0,0,0,0,0,0,0,0,0,0,0,0,0,"Switch",0,"n","n","n"
"159","CONSISTEST_T001_L059_2011.06.06_155541_001_CKB.jpg","6/7/2011","09:58:41",1,59,0.023881,0.025172,27.4138,5.0342,15.8155,1.8364,0.823,8,27.4138,5.0342,15.8155,1.8364,0.823,8,0,0,0,0,0,0,0,0,0,0,0,0,10,0,1.5154,8.9626,10.8033,3.0389,0,3.0937,0,0,0,0,0.4673,3.8853,5.7842,2.3415,0,3.3372,0,0,0,0,0.1488,1.2367,1.8412,0.7453,0,1.0623,0,0,0,0,0.0115,0.1353,0.2465,0.1436,0,0.2865,0,0,0,0,1,4,1,1,0,1,0,0,0,"Switch",8,"y","y","y"
"160","CONSISTEST_T001_L060_2011.06.06_155541_001_CKB.jpg","6/7/2011","09:58:41",1,60,0.023881,0.025172,2.6277,0.6253,1.9645,2.3797,0.118,1,2.6277,0.6253,1.9645,2.3797,0.118,1,0,0,0,0,0,0,0,0,0,0,0,0,10,0,0,0,0,1.783,0.8447,0,0,0,0,0,0,0,0,1.2587,0.7058,0,0,0,0,0,0,0,0,0.4007,0.2247,0,0,0,0,0,0,0,0,0.0708,0.0469,0,0,0,0,0,0,0,0,1,0,0,0,0,0,"Corn",0,"y","y","y"
"161","CONSISTEST_T001_L061_2011.06.06_155541_001_CKB.jpg","6/7/2011","09:58:41",1,61,0.023881,0.025172,7.0756,1.0778,3.386,1.5232,0.132,3,7.0756,1.0778,3.386,1.5232,0.132,3,0,0,0,0,0,0,0,0,0,0,0,0,10,0,0,2.7924,4.2832,0,0,0,0,0,0,0,0,1.0758,2.3102,0,0,0,0,0,0,0,0,0.3424,0.7354,0,0,0,0,0,0,0,0,0.033,0.0992,0,0,0,0,0,0,0,0,2,1,0,0,0,0,0,0,"Prairie",11,"y","y","y"
"162","CONSISTEST_T001_L062_2011.06.06_155541_001_CKB.jpg","6/7/2011","09:58:41",1,62,0.023881,0.025172,0,0,0,0,0,0,0,0,0,0,0,0,0,0,0,0,0,0,0,0,0,0,0,0,10,0,0,0,0,0,0,0,0,0,0,0,0,0,0,0,0,0,0,0,0,0,0,0,0,0,0,0,0,0,0,0,0,0,0,0,0,0,0,0,0,0,0,0,0,0,0,0,0,0,0,"Switch",0,"n","n","n"
"163","CONSISTEST_T001_L063_2011.06.06_155541_001_CKB.jpg","6/7/2011","09:58:41",1,63,0.023881,0.025172,0,0,0,0,0,0,0,0,0,0,0,0,0,0,0,0,0,0,0,0,0,0,0,0,10,0,0,0,0,0,0,0,0,0,0,0,0,0,0,0,0,0,0,0,0,0,0,0,0,0,0,0,0,0,0,0,0,0,0,0,0,0,0,0,0,0,0,0,0,0,0,0,0,0,0,"Corn",0,"n","n","n"
"164","CONSISTEST_T001_L064_2011.06.06_155541_001_CKB.jpg","6/7/2011","09:58:41",1,64,0.023881,0.025172,0,0,0,0,0,0,0,0,0,0,0,0,0,0,0,0,0,0,0,0,0,0,0,0,10,0,0,0,0,0,0,0,0,0,0,0,0,0,0,0,0,0,0,0,0,0,0,0,0,0,0,0,0,0,0,0,0,0,0,0,0,0,0,0,0,0,0,0,0,0,0,0,0,0,0,"Prairie",0,"n","n","n"
"165","CONSISTEST_T001_L065_2011.06.06_155541_001_CKB.jpg","6/7/2011","09:58:41",1,65,0.023881,0.025172,0,0,0,0,0,0,0,0,0,0,0,0,0,0,0,0,0,0,0,0,0,0,0,0,10,0,0,0,0,0,0,0,0,0,0,0,0,0,0,0,0,0,0,0,0,0,0,0,0,0,0,0,0,0,0,0,0,0,0,0,0,0,0,0,0,0,0,0,0,0,0,0,0,0,0,"Corn",1,"y","n","n"
"166","CONSISTEST_T001_L066_2011.06.06_155541_001_CKB.jpg","6/7/2011","09:58:41",1,66,0.023881,0.025172,29.7681,6.6474,20.8834,2.2331,1.21,7,29.7681,6.6474,20.8834,2.2331,1.21,7,0,0,0,0,0,0,0,0,0,0,0,0,10,0,0,0,11.3893,8.9736,9.4051,0,0,0,0,0,0,0,6.2268,6.5102,8.1464,0,0,0,0,0,0,0,1.982,2.0723,2.5931,0,0,0,0,0,0,0,0.2712,0.3765,0.5621,0,0,0,0,0,0,0,4,1,2,0,0,0,0,"Prairie",0,"y","y","y"
"167","CONSISTEST_T001_L067_2011.06.06_155541_001_CKB.jpg","6/7/2011","09:58:41",1,67,0.023881,0.025172,91.759,35.6162,111.8916,3.8815,15.84,14,91.759,35.6162,111.8916,3.8815,15.84,14,0,0,0,0,0,0,0,0,0,0,0,0,10,0,0,3.5248,13.3463,7.872,20.2457,22.9769,7.6966,0.642,15.4547,0,0,1.5401,7.8336,5.5444,18.3122,22.8841,8.9291,0.8457,46.0024,0,0,0.4902,2.4935,1.7648,5.829,7.2842,2.8422,0.2692,14.643,0,0,0.0539,0.3671,0.3114,1.3201,1.814,0.8245,0.0887,11.1113,0,0,2,2,3,3,1,3,0,0,"Corn",2,"y","y","y"
"168","CONSISTEST_T001_L068_2011.06.06_155541_001_CKB.jpg","6/7/2011","09:58:41",1,68,0.023881,0.025172,47.9599,10.3888,32.6372,2.1661,1.823,9,47.9599,10.3888,32.6372,2.1661,1.823,9,0,0,0,0,0,0,0,0,0,0,0,0,10,0,0,4.896,7.0176,27.9684,8.0779,0,0,0,0,0,0,1.8975,4.295,19.6204,6.8243,0,0,0,0,0,0,0.604,1.3672,6.2454,2.1722,0,0,0,0,0,0,0.0586,0.2093,1.0968,0.4588,0,0,0,0,0,0,1,4,3,1,0,0,0,0,"Misc",0,"y","y","y"
"169","CONSISTEST_T001_L069_2011.06.06_155541_001_CKB.jpg","6/7/2011","09:58:41",1,69,0.023881,0.025172,0,0,0,0,0,0,0,0,0,0,0,0,0,0,0,0,0,0,0,0,0,0,0,0,10,0,0,0,0,0,0,0,0,0,0,0,0,0,0,0,0,0,0,0,0,0,0,0,0,0,0,0,0,0,0,0,0,0,0,0,0,0,0,0,0,0,0,0,0,0,0,0,0,0,0,"Misc",0,"n","n","n"
"170","CONSISTEST_T001_L070_2011.06.06_155541_001_CKB.jpg","6/7/2011","09:58:41",1,70,0.023881,0.025172,25.1394,4.5528,14.303,1.811,0.65,8,25.1394,4.5528,14.303,1.811,0.65,8,0,0,0,0,0,0,0,0,0,0,0,0,10,0,0,0,25.1394,0,0,0,0,0,0,0,0,0,14.303,0,0,0,0,0,0,0,0,0,4.5528,0,0,0,0,0,0,0,0,0,0.6503,0,0,0,0,0,0,0,0,0,8,0,0,0,0,0,0,"Misc",5,"y","y","y"
"171","CONSISTEST_T001_L071_2011.06.06_155541_001_CKB.jpg","6/7/2011","09:58:41",1,71,0.023881,0.025172,0,0,0,0,0,0,0,0,0,0,0,0,0,0,0,0,0,0,0,0,0,0,0,0,10,0,0,0,0,0,0,0,0,0,0,0,0,0,0,0,0,0,0,0,0,0,0,0,0,0,0,0,0,0,0,0,0,0,0,0,0,0,0,0,0,0,0,0,0,0,0,0,0,0,0,"Switch",0,"n","n","n"
"172","CONSISTEST_T001_L072_2011.06.06_155541_001_CKB.jpg","6/7/2011","09:58:41",1,72,0.023881,0.025172,67.4717,23.0292,72.3484,3.4132,6.728,8,67.4717,23.0292,72.3484,3.4132,6.728,8,0,0,0,0,0,0,0,0,0,0,0,0,10,0,0,0,0,15.8954,20.3255,4.0278,14.1344,0.0809,13.0078,0,0,0,0,11.2603,18.2735,4.2492,17.4207,0.108,21.0367,0,0,0,0,3.5843,5.8166,1.3526,5.5452,0.0344,6.6962,0,0,0,0,0.6357,1.3097,0.3571,1.7086,0.0115,2.7074,0,0,0,0,2,2,1,2,0,1,"Switch",0,"y","y","y"
"173","CONSISTEST_T001_L073_2011.06.06_155541_001_CKB.jpg","6/7/2011","09:58:41",1,73,0.023881,0.025172,5.0655,0.4152,1.3043,0.8196,0.028,2,5.0655,0.4152,1.3043,0.8196,0.028,2,0,0,0,0,0,0,0,0,0,0,0,0,10,0,4.2268,0.8387,0,0,0,0,0,0,0,0,0.9927,0.3116,0,0,0,0,0,0,0,0,0.316,0.0992,0,0,0,0,0,0,0,0,0.0186,0.0092,0,0,0,0,0,0,0,0,2,0,0,0,0,0,0,0,0,"Misc",0,"y","y","y"
"174","CONSISTEST_T001_L074_2011.06.06_155541_001_CKB.jpg","6/7/2011","09:58:41",1,74,0.023881,0.025172,69.3909,18.1688,57.0789,2.6183,3.827,5,69.3909,18.1688,57.0789,2.6183,3.827,5,0,0,0,0,0,0,0,0,0,0,0,0,10,0,0,0,14.9172,13.7,40.7737,0,0,0,0,0,0,0,9.197,10.2588,37.6232,0,0,0,0,0,0,0,2.9275,3.2655,11.9758,0,0,0,0,0,0,0,0.4512,0.6131,2.763,0,0,0,0,0,0,0,1,1,3,0,0,0,0,"Prairie",10,"y","y","y"
"175","CONSISTEST_T001_L075_2011.06.06_155541_001_CKB.jpg","6/7/2011","09:58:41",1,75,0.023881,0.025172,0,0,0,0,0,0,0,0,0,0,0,0,0,0,0,0,0,0,0,0,0,0,0,0,10,0,0,0,0,0,0,0,0,0,0,0,0,0,0,0,0,0,0,0,0,0,0,0,0,0,0,0,0,0,0,0,0,0,0,0,0,0,0,0,0,0,0,0,0,0,0,0,0,0,0,"Prairie",0,"n","n","n"
"176","CONSISTEST_T001_L076_2011.06.06_155541_001_CKB.jpg","6/7/2011","09:58:41",1,76,0.023881,0.025172,17.5477,3.7227,11.6953,2.1215,0.799,6,17.5477,3.7227,11.6953,2.1215,0.799,6,0,0,0,0,0,0,0,0,0,0,0,0,10,0,6.3536,1.321,0,1.1838,0,8.6894,0,0,0,0,1.4686,0.6107,0,0.9121,0,8.7038,0,0,0,0,0.4675,0.1944,0,0.2903,0,2.7705,0,0,0,0,0.027,0.0225,0,0.0559,0,0.6938,0,0,0,0,1,1,0,1,0,3,0,0,0,"Switch",0,"y","y","y"
"177","CONSISTEST_T001_L077_2011.06.06_155541_001_CKB.jpg","6/7/2011","09:58:41",1,77,0.023881,0.025172,0,0,0,0,0,0,0,0,0,0,0,0,0,0,0,0,0,0,0,0,0,0,0,0,10,0,0,0,0,0,0,0,0,0,0,0,0,0,0,0,0,0,0,0,0,0,0,0,0,0,0,0,0,0,0,0,0,0,0,0,0,0,0,0,0,0,0,0,0,0,0,0,0,0,0,"Corn",0,"n","n","n"
"178","CONSISTEST_T001_L078_2011.06.06_155541_001_CKB.jpg","6/7/2011","09:58:41",1,78,0.023881,0.025172,0,0,0,0,0,0,0,0,0,0,0,0,0,0,0,0,0,0,0,0,0,0,0,0,10,0,0,0,0,0,0,0,0,0,0,0,0,0,0,0,0,0,0,0,0,0,0,0,0,0,0,0,0,0,0,0,0,0,0,0,0,0,0,0,0,0,0,0,0,0,0,0,0,0,0,"Corn",0,"n","n","n"
"179","CONSISTEST_T001_L079_2011.06.06_155541_001_CKB.jpg","6/7/2011","09:58:41",1,79,0.023881,0.025172,16.2784,3.194,10.0342,1.9621,0.492,2,16.2784,3.194,10.0342,1.9621,0.492,2,0,0,0,0,0,0,0,0,0,0,0,0,10,0,0,0,16.2784,0,0,0,0,0,0,0,0,0,10.0342,0,0,0,0,0,0,0,0,0,3.194,0,0,0,0,0,0,0,0,0,0.4922,0,0,0,0,0,0,0,0,0,2,0,0,0,0,0,0,"Misc",0,"y","y","y"
"180","CONSISTEST_T001_L080_2011.06.06_155541_001_CKB.jpg","6/7/2011","09:58:41",1,80,0.023881,0.025172,0,0,0,0,0,0,0,0,0,0,0,0,0,0,0,0,0,0,0,0,0,0,0,0,10,0,0,0,0,0,0,0,0,0,0,0,0,0,0,0,0,0,0,0,0,0,0,0,0,0,0,0,0,0,0,0,0,0,0,0,0,0,0,0,0,0,0,0,0,0,0,0,0,0,0,"Corn",0,"y","n","n"
"181","CONSISTEST_T001_L081_2011.06.06_155541_001_CKB.jpg","6/7/2011","09:58:41",1,81,0.023881,0.025172,72.3804,15.9061,49.9704,2.1976,2.794,5,72.3804,15.9061,49.9704,2.1976,2.794,5,0,0,0,0,0,0,0,0,0,0,0,0,10,0,0,0,17.7753,54.6051,0,0,0,0,0,0,0,0,9.5872,40.3832,0,0,0,0,0,0,0,0,3.0517,12.8544,0,0,0,0,0,0,0,0,0.4115,2.3827,0,0,0,0,0,0,0,0,1,4,0,0,0,0,0,"Prairie",10,"y","y","y"
"182","CONSISTEST_T001_L082_2011.06.06_155541_001_CKB.jpg","6/7/2011","09:58:41",1,82,0.023881,0.025172,0,0,0,0,0,0,0,0,0,0,0,0,0,0,0,0,0,0,0,0,0,0,0,0,10,0,0,0,0,0,0,0,0,0,0,0,0,0,0,0,0,0,0,0,0,0,0,0,0,0,0,0,0,0,0,0,0,0,0,0,0,0,0,0,0,0,0,0,0,0,0,0,0,0,0,"Corn",0,"n","n","n"
"183","CONSISTEST_T001_L083_2011.06.06_155541_001_CKB.jpg","6/7/2011","09:58:41",1,83,0.023881,0.025172,0,0,0,0,0,0,0,0,0,0,0,0,0,0,0,0,0,0,0,0,0,0,0,0,10,0,0,0,0,0,0,0,0,0,0,0,0,0,0,0,0,0,0,0,0,0,0,0,0,0,0,0,0,0,0,0,0,0,0,0,0,0,0,0,0,0,0,0,0,0,0,0,0,0,0,"Corn",0,"n","n","n"
"184","CONSISTEST_T001_L084_2011.06.06_155541_001_CKB.jpg","6/7/2011","09:58:41",1,84,0.023881,0.025172,27.1999,11.417,35.8675,4.1974,4.201,7,27.1999,11.417,35.8675,4.1974,4.201,7,0,0,0,0,0,0,0,0,0,0,0,0,10,0,0,0,0.0985,6.3167,4.2123,2.0316,0.2316,0.2316,14.0775,0,0,0,0.0613,4.7845,3.8111,2.0403,0.2729,0.3093,24.5882,0,0,0,0.0195,1.5229,1.2131,0.6494,0.0869,0.0984,7.8267,0,0,0,0.003,0.2887,0.2747,0.1631,0.0256,0.0329,3.4193,0,0,0,1,2,2,1,0,0,1,"Switch",0,"y","y","y"
"185","CONSISTEST_T001_L085_2011.06.06_155541_001_CKB.jpg","6/7/2011","09:58:41",1,85,0.023881,0.025172,0,0,0,0,0,0,0,0,0,0,0,0,0,0,0,0,0,0,0,0,0,0,0,0,10,0,0,0,0,0,0,0,0,0,0,0,0,0,0,0,0,0,0,0,0,0,0,0,0,0,0,0,0,0,0,0,0,0,0,0,0,0,0,0,0,0,0,0,0,0,0,0,0,0,0,"Misc",0,"n","n","n"
"186","CONSISTEST_T001_L086_2011.06.06_155541_001_CKB.jpg","6/7/2011","09:58:41",1,86,0.023881,0.025172,0,0,0,0,0,0,0,0,0,0,0,0,0,0,0,0,0,0,0,0,0,0,0,0,10,0,0,0,0,0,0,0,0,0,0,0,0,0,0,0,0,0,0,0,0,0,0,0,0,0,0,0,0,0,0,0,0,0,0,0,0,0,0,0,0,0,0,0,0,0,0,0,0,0,0,"Corn",0,"n","n","n"
"187","CONSISTEST_T001_L087_2011.06.06_155541_001_CKB.jpg","6/7/2011","09:58:41",1,87,0.023881,0.025172,4.2932,2.2112,6.9467,5.1505,0.894,2,4.2932,2.2112,6.9467,5.1505,0.894,2,0,0,0,0,0,0,0,0,0,0,0,0,10,0,0,0,0,0,0,0,0,0,4.2932,0,0,0,0,0,0,0,0,0,6.9467,0,0,0,0,0,0,0,0,0,2.2112,0,0,0,0,0,0,0,0,0,0.8945,0,0,0,0,0,0,0,0,0,2,"Corn",3,"y","y","y"
"188","CONSISTEST_T001_L088_2011.06.06_155541_001_CKB.jpg","6/7/2011","09:58:41",1,88,0.023881,0.025172,0,0,0,0,0,0,0,0,0,0,0,0,0,0,0,0,0,0,0,0,0,0,0,0,10,0,0,0,0,0,0,0,0,0,0,0,0,0,0,0,0,0,0,0,0,0,0,0,0,0,0,0,0,0,0,0,0,0,0,0,0,0,0,0,0,0,0,0,0,0,0,0,0,0,0,"Misc",0,"n","n","n"
"189","CONSISTEST_T001_L089_2011.06.06_155541_001_CKB.jpg","6/7/2011","09:58:41",1,89,0.023881,0.025172,0,0,0,0,0,0,0,0,0,0,0,0,0,0,0,0,0,0,0,0,0,0,0,0,10,0,0,0,0,0,0,0,0,0,0,0,0,0,0,0,0,0,0,0,0,0,0,0,0,0,0,0,0,0,0,0,0,0,0,0,0,0,0,0,0,0,0,0,0,0,0,0,0,0,0,"Corn",0,"n","n","n"
"190","CONSISTEST_T001_L090_2011.06.06_155541_001_CKB.jpg","6/7/2011","09:58:41",1,90,0.023881,0.025172,0,0,0,0,0,0,0,0,0,0,0,0,0,0,0,0,0,0,0,0,0,0,0,0,10,0,0,0,0,0,0,0,0,0,0,0,0,0,0,0,0,0,0,0,0,0,0,0,0,0,0,0,0,0,0,0,0,0,0,0,0,0,0,0,0,0,0,0,0,0,0,0,0,0,0,"Misc",6,"y","n","n"
"191","CONSISTEST_T001_L091_2011.06.06_155541_001_CKB.jpg","6/7/2011","09:58:41",1,91,0.023881,0.025172,0,0,0,0,0,0,0,0,0,0,0,0,0,0,0,0,0,0,0,0,0,0,0,0,10,0,0,0,0,0,0,0,0,0,0,0,0,0,0,0,0,0,0,0,0,0,0,0,0,0,0,0,0,0,0,0,0,0,0,0,0,0,0,0,0,0,0,0,0,0,0,0,0,0,0,"Prairie",0,"y","n","n"
"192","CONSISTEST_T001_L092_2011.06.06_155541_001_CKB.jpg","6/7/2011","09:58:41",1,92,0.023881,0.025172,6.381,0.9195,2.8887,1.441,0.113,4,6.381,0.9195,2.8887,1.441,0.113,4,0,0,0,0,0,0,0,0,0,0,0,0,10,0,0,5.0244,0.4376,0.919,0,0,0,0,0,0,0,1.9594,0.2211,0.7081,0,0,0,0,0,0,0,0.6237,0.0704,0.2254,0,0,0,0,0,0,0,0.0609,0.0089,0.0434,0,0,0,0,0,0,0,2,1,1,0,0,0,0,0,"Switch",7,"y","y","y"
"193","CONSISTEST_T001_L093_2011.06.06_155541_001_CKB.jpg","6/7/2011","09:58:41",1,93,0.023881,0.025172,22.9831,4.8402,15.2061,2.106,0.82,6,22.9831,4.8402,15.2061,2.106,0.82,6,0,0,0,0,0,0,0,0,0,0,0,0,10,0,0,1.2263,10.9757,10.7811,0,0,0,0,0,0,0,0.5544,6.4356,8.216,0,0,0,0,0,0,0,0.1765,2.0485,2.6152,0,0,0,0,0,0,0,0.02,0.3015,0.4987,0,0,0,0,0,0,0,2,2,2,0,0,0,0,0,"Prairie",0,"y","y","y"
"194","CONSISTEST_T001_L094_2011.06.06_155541_001_CKB.jpg","6/7/2011","09:58:41",1,94,0.023881,0.025172,11.5788,4.7646,14.9684,4.1149,1.541,1,11.5788,4.7646,14.9684,4.1149,1.541,1,0,0,0,0,0,0,0,0,0,0,0,0,10,0,0,0,0,0,0,0,1.6842,9.8946,0,0,0,0,0,0,0,0,2.0315,12.937,0,0,0,0,0,0,0,0,0.6466,4.118,0,0,0,0,0,0,0,0,0.195,1.3461,0,0,0,0,0,0,0,0,1,0,0,"Prairie",0,"y","y","y"
"195","CONSISTEST_T001_L095_2011.06.06_155541_001_CKB.jpg","6/7/2011","09:58:41",1,95,0.023881,0.025172,0,0,0,0,0,0,0,0,0,0,0,0,0,0,0,0,0,0,0,0,0,0,0,0,10,0,0,0,0,0,0,0,0,0,0,0,0,0,0,0,0,0,0,0,0,0,0,0,0,0,0,0,0,0,0,0,0,0,0,0,0,0,0,0,0,0,0,0,0,0,0,0,0,0,0,"Switch",0,"n","n","n"
"196","CONSISTEST_T001_L096_2011.06.06_155541_001_CKB.jpg","6/7/2011","09:58:41",1,96,0.023881,0.025172,0,0,0,0,0,0,0,0,0,0,0,0,0,0,0,0,0,0,0,0,0,0,0,0,10,0,0,0,0,0,0,0,0,0,0,0,0,0,0,0,0,0,0,0,0,0,0,0,0,0,0,0,0,0,0,0,0,0,0,0,0,0,0,0,0,0,0,0,0,0,0,0,0,0,0,"Prairie",12,"y","y","n"
"197","CONSISTEST_T001_L097_2011.06.06_155541_001_CKB.jpg","6/7/2011","09:58:41",1,97,0.023881,0.025172,0,0,0,0,0,0,0,0,0,0,0,0,0,0,0,0,0,0,0,0,0,0,0,0,10,0,0,0,0,0,0,0,0,0,0,0,0,0,0,0,0,0,0,0,0,0,0,0,0,0,0,0,0,0,0,0,0,0,0,0,0,0,0,0,0,0,0,0,0,0,0,0,0,0,0,"Corn",1,"y","n","n"
"198","CONSISTEST_T001_L098_2011.06.06_155541_001_CKB.jpg","6/7/2011","09:58:41",1,98,0.023881,0.025172,5.8506,2.3036,7.237,3.9374,0.85,3,5.8506,2.3036,7.237,3.9374,0.85,3,0,0,0,0,0,0,0,0,0,0,0,0,10,0,0,1.9291,0,0,0,0,0,0,3.9214,0,0,0.8918,0,0,0,0,0,0,6.3452,0,0,0.2839,0,0,0,0,0,0,2.0197,0,0,0.0328,0,0,0,0,0,0,0.817,0,0,1,0,0,0,0,0,0,2,"Corn",3,"y","y","y"
"199","CONSISTEST_T001_L099_2011.06.06_155541_001_CKB.jpg","6/7/2011","09:58:41",1,99,0.023881,0.025172,4.77,1.5555,4.8866,3.2609,0.406,2,4.77,1.5555,4.8866,3.2609,0.406,2,0,0,0,0,0,0,0,0,0,0,0,0,10,0,0,0,0,0,3.225,0,1.545,0,0,0,0,0,0,0,2.9819,0,1.9047,0,0,0,0,0,0,0,0.9492,0,0.6063,0,0,0,0,0,0,0,0.2194,0,0.1869,0,0,0,0,0,0,0,1,0,1,0,0,"Switch",9,"y","y","y"
"200","CONSISTEST_T001_L100_2011.06.06_155541_001_CKB.jpg","6/7/2011","09:58:41",1,100,0.023881,0.025172,0,0,0,0,0,0,0,0,0,0,0,0,0,0,0,0,0,0,0,0,0,0,0,0,10,0,0,0,0,0,0,0,0,0,0,0,0,0,0,0,0,0,0,0,0,0,0,0,0,0,0,0,0,0,0,0,0,0,0,0,0,0,0,0,0,0,0,0,0,0,0,0,0,0,0,"Misc",0,"n","n","n"
"201","CONSISTEST_T002_L001_2011.06.06_155541_001_CKB.jpg","6/7/2011","10:18:56",2,1,0.023881,0.025172,4.1333,1.1151,3.5032,2.6979,0.236,1,4.1333,1.1151,3.5032,2.6979,0.236,1,0,0,0,0,0,0,0,0,0,0,0,0,10,0,0,0,0,0,4.1333,0,0,0,0,0,0,0,0,0,3.5032,0,0,0,0,0,0,0,0,0,1.1151,0,0,0,0,0,0,0,0,0,0.2363,0,0,0,0,0,0,0,0,0,1,0,0,0,0,"Misc",0,"y","y","y"
"202","CONSISTEST_T002_L002_2011.06.06_155541_001_CKB.jpg","6/7/2011","10:18:56",2,2,0.023881,0.025172,6.2212,2.238,7.031,3.5974,0.638,1,6.2212,2.238,7.031,3.5974,0.638,1,0,0,0,0,0,0,0,0,0,0,0,0,10,0,0,0,0,0,0,2.8541,2.0714,1.2956,0,0,0,0,0,0,0,2.888,2.4804,1.6626,0,0,0,0,0,0,0,0.9193,0.7895,0.5292,0,0,0,0,0,0,0,0.2326,0.2365,0.1698,0,0,0,0,0,0,0,1,0,0,0,"Switch",0,"y","y","y"
"203","CONSISTEST_T002_L003_2011.06.06_155541_001_CKB.jpg","6/7/2011","10:18:56",2,3,0.023881,0.025172,32.3462,8.9828,28.2204,2.7771,2.434,8,32.3462,8.9828,28.2204,2.7771,2.434,8,0,0,0,0,0,0,0,0,0,0,0,0,10,0,4.3328,6.776,0.6324,4.2415,3.0939,3.526,1.4698,1.4773,6.7965,0,1.3354,3.1327,0.3477,3.0879,2.6616,3.5552,1.7316,1.9729,10.3954,0,0.4251,0.9972,0.1107,0.9829,0.8472,1.1316,0.5512,0.628,3.309,0,0.0328,0.1153,0.0152,0.1793,0.1823,0.2854,0.1623,0.2097,1.2656,0,2,3,0,2,0,1,0,0,0,"Switch",0,"y","y","y"
"204","CONSISTEST_T002_L004_2011.06.06_155541_001_CKB.jpg","6/7/2011","10:18:56",2,4,0.023881,0.025172,61.9586,32.2012,101.1631,5.1972,23.237,11,61.9586,32.2012,101.1631,5.1972,23.237,11,0,0,0,0,0,0,0,0,0,0,0,0,10,0,0,3.7145,4.5171,6.8534,26.7503,3.1216,0.6347,0.3385,16.0284,0,0,1.7178,2.6625,4.8985,23.1845,3.3483,0.7477,0.444,64.1597,0,0,0.5468,0.8475,1.5592,7.3799,1.0658,0.238,0.1413,20.4227,0,0,0.0632,0.1255,0.2795,1.6013,0.2859,0.0701,0.0464,20.8904,0,0,1,2,1,5,1,0,0,1,"Switch",0,"y","y","y"
"205","CONSISTEST_T002_L005_2011.06.06_155541_001_CKB.jpg","6/7/2011","10:18:56",2,5,0.023881,0.025172,57.9361,8.6007,27.0198,1.4845,1.073,14,57.9361,8.6007,27.0198,1.4845,1.073,14,0,0,0,0,0,0,0,0,0,0,0,0,10,0,1.8837,39.4903,10.8964,5.6657,0,0,0,0,0,0,0.5806,15.7177,6.5687,4.1527,0,0,0,0,0,0,0.1848,5.0031,2.0909,1.3219,0,0,0,0,0,0,0.0142,0.5003,0.3159,0.2431,0,0,0,0,0,0,1,8,4,1,0,0,0,0,0,"Misc",0,"y","y","y"
"206","CONSISTEST_T002_L006_2011.06.06_155541_001_CKB.jpg","6/7/2011","10:18:56",2,6,0.023881,0.025172,5.847,0.8786,2.7603,1.5027,0.11,3,5.847,0.8786,2.7603,1.5027,0.11,3,0,0,0,0,0,0,0,0,0,0,0,0,10,0,0,3.6505,2.1965,0,0,0,0,0,0,0,0,1.4064,1.354,0,0,0,0,0,0,0,0,0.4477,0.431,0,0,0,0,0,0,0,0,0.0431,0.0664,0,0,0,0,0,0,0,0,2,1,0,0,0,0,0,0,"Switch",7,"y","y","y"
"207","CONSISTEST_T002_L007_2011.06.06_155541_001_CKB.jpg","6/7/2011","10:18:56",2,7,0.023881,0.025172,83.6696,31.1701,97.9237,3.7254,13.809,14,83.6696,31.1701,97.9237,3.7254,13.809,14,0,0,0,0,0,0,0,0,0,0,0,0,10,0,0,6.6362,2.3278,36.7059,11.2234,2.5185,6.1294,1.9708,16.1576,0,0,3.068,1.2572,26.2104,9.4839,2.5767,7.139,2.5839,45.6046,0,0,0.9766,0.4002,8.343,3.0188,0.8202,2.2724,0.8225,14.5164,0,0,0.1129,0.054,1.4923,0.6378,0.2099,0.6618,0.2697,10.4258,0,0,2,2,5,1,2,2,0,0,"Corn",2,"y","y","y"
"208","CONSISTEST_T002_L008_2011.06.06_155541_001_CKB.jpg","6/7/2011","10:18:56",2,8,0.023881,0.025172,0,0,0,0,0,0,0,0,0,0,0,0,0,0,0,0,0,0,0,0,0,0,0,0,10,0,0,0,0,0,0,0,0,0,0,0,0,0,0,0,0,0,0,0,0,0,0,0,0,0,0,0,0,0,0,0,0,0,0,0,0,0,0,0,0,0,0,0,0,0,0,0,0,0,0,"Prairie",0,"n","n","n"
"209","CONSISTEST_T002_L009_2011.06.06_155541_001_CKB.jpg","6/7/2011","10:18:56",2,9,0.023881,0.025172,2.0287,0.7961,2.501,3.9242,0.245,1,2.0287,0.7961,2.501,3.9242,0.245,1,0,0,0,0,0,0,0,0,0,0,0,0,10,0,0,0,0,0,0,0,2.0287,0,0,0,0,0,0,0,0,0,2.501,0,0,0,0,0,0,0,0,0,0.7961,0,0,0,0,0,0,0,0,0,0.2454,0,0,0,0,0,0,0,0,0,1,0,0,"Corn",0,"y","y","y"
"210","CONSISTEST_T002_L010_2011.06.06_155541_001_CKB.jpg","6/7/2011","10:18:56",2,10,0.023881,0.025172,0,0,0,0,0,0,0,0,0,0,0,0,0,0,0,0,0,0,0,0,0,0,0,0,10,0,0,0,0,0,0,0,0,0,0,0,0,0,0,0,0,0,0,0,0,0,0,0,0,0,0,0,0,0,0,0,0,0,0,0,0,0,0,0,0,0,0,0,0,0,0,0,0,0,0,"Switch",0,"n","n","n"
"211","CONSISTEST_T002_L011_2011.06.06_155541_001_CKB.jpg","6/7/2011","10:18:56",2,11,0.023881,0.025172,0,0,0,0,0,0,0,0,0,0,0,0,0,0,0,0,0,0,0,0,0,0,0,0,10,0,0,0,0,0,0,0,0,0,0,0,0,0,0,0,0,0,0,0,0,0,0,0,0,0,0,0,0,0,0,0,0,0,0,0,0,0,0,0,0,0,0,0,0,0,0,0,0,0,0,"Corn",0,"n","n","n"
"212","CONSISTEST_T002_L012_2011.06.06_155541_001_CKB.jpg","6/7/2011","10:18:56",2,12,0.023881,0.025172,71.8147,19.7365,62.004,2.7483,4.277,5,71.8147,19.7365,62.004,2.7483,4.277,5,0,0,0,0,0,0,0,0,0,0,0,0,10,0,0,0,0,8.5955,60.0875,3.1316,0,0,0,0,0,0,0,6.6256,52.2136,3.1648,0,0,0,0,0,0,0,2.109,16.6201,1.0074,0,0,0,0,0,0,0,0.4064,3.6165,0.2545,0,0,0,0,0,0,0,1,4,0,0,0,0,"Prairie",10,"y","y","y"
"213","CONSISTEST_T002_L013_2011.06.06_155541_001_CKB.jpg","6/7/2011","10:18:56",2,13,0.023881,0.025172,0,0,0,0,0,0,0,0,0,0,0,0,0,0,0,0,0,0,0,0,0,0,0,0,10,0,0,0,0,0,0,0,0,0,0,0,0,0,0,0,0,0,0,0,0,0,0,0,0,0,0,0,0,0,0,0,0,0,0,0,0,0,0,0,0,0,0,0,0,0,0,0,0,0,0,"Prairie",0,"n","n","n"
"214","CONSISTEST_T002_L014_2011.06.06_155541_001_CKB.jpg","6/7/2011","10:18:56",2,14,0.023881,0.025172,0,0,0,0,0,0,0,0,0,0,0,0,0,0,0,0,0,0,0,0,0,0,0,0,10,0,0,0,0,0,0,0,0,0,0,0,0,0,0,0,0,0,0,0,0,0,0,0,0,0,0,0,0,0,0,0,0,0,0,0,0,0,0,0,0,0,0,0,0,0,0,0,0,0,0,"Corn",0,"n","n","n"
"215","CONSISTEST_T002_L015_2011.06.06_155541_001_CKB.jpg","6/7/2011","10:18:56",2,15,0.023881,0.025172,5.5272,0.6996,2.198,1.2658,0.07,3,5.5272,0.6996,2.198,1.2658,0.07,3,0,0,0,0,0,0,0,0,0,0,0,0,10,0,0,5.5272,0,0,0,0,0,0,0,0,0,2.198,0,0,0,0,0,0,0,0,0,0.6996,0,0,0,0,0,0,0,0,0,0.0699,0,0,0,0,0,0,0,0,0,3,0,0,0,0,0,0,0,"Switch",7,"y","y","y"
"216","CONSISTEST_T002_L016_2011.06.06_155541_001_CKB.jpg","6/7/2011","10:18:56",2,16,0.023881,0.025172,0,0,0,0,0,0,0,0,0,0,0,0,0,0,0,0,0,0,0,0,0,0,0,0,10,0,0,0,0,0,0,0,0,0,0,0,0,0,0,0,0,0,0,0,0,0,0,0,0,0,0,0,0,0,0,0,0,0,0,0,0,0,0,0,0,0,0,0,0,0,0,0,0,0,0,"Switch",0,"n","n","n"
"217","CONSISTEST_T002_L017_2011.06.06_155541_001_CKB.jpg","6/7/2011","10:18:56",2,17,0.023881,0.025172,0,0,0,0,0,0,0,0,0,0,0,0,0,0,0,0,0,0,0,0,0,0,0,0,10,0,0,0,0,0,0,0,0,0,0,0,0,0,0,0,0,0,0,0,0,0,0,0,0,0,0,0,0,0,0,0,0,0,0,0,0,0,0,0,0,0,0,0,0,0,0,0,0,0,0,"Prairie",0,"n","n","n"
"218","CONSISTEST_T002_L018_2011.06.06_155541_001_CKB.jpg","6/7/2011","10:18:56",2,18,0.023881,0.025172,0,0,0,0,0,0,0,0,0,0,0,0,0,0,0,0,0,0,0,0,0,0,0,0,10,0,0,0,0,0,0,0,0,0,0,0,0,0,0,0,0,0,0,0,0,0,0,0,0,0,0,0,0,0,0,0,0,0,0,0,0,0,0,0,0,0,0,0,0,0,0,0,0,0,0,"Prairie",0,"y","n","n"
"219","CONSISTEST_T002_L019_2011.06.06_155541_001_CKB.jpg","6/7/2011","10:18:56",2,19,0.023881,0.025172,18.2081,5.4795,17.2144,3.0094,1.352,2,18.2081,5.4795,17.2144,3.0094,1.352,2,0,0,0,0,0,0,0,0,0,0,0,0,10,0,0,0.1233,2.2803,1.9021,0.9246,12.9778,0,0,0,0,0,0.0575,1.2618,1.2876,0.817,13.7904,0,0,0,0,0,0.0183,0.4016,0.4098,0.2601,4.3896,0,0,0,0,0,0.0021,0.0557,0.0695,0.0576,1.1674,0,0,0,0,0,1,0,0,0,1,0,0,0,"Misc",4,"y","y","y"
"220","CONSISTEST_T002_L020_2011.06.06_155541_001_CKB.jpg","6/7/2011","10:18:56",2,20,0.023881,0.025172,5.1148,2.258,7.0938,4.4147,0.783,1,5.1148,2.258,7.0938,4.4147,0.783,1,0,0,0,0,0,0,0,0,0,0,0,0,10,0,0,0,0,0,0,0,0,5.1148,0,0,0,0,0,0,0,0,0,7.0938,0,0,0,0,0,0,0,0,0,2.258,0,0,0,0,0,0,0,0,0,0.7829,0,0,0,0,0,0,0,0,0,1,0,"Corn",0,"y","y","y"
"221","CONSISTEST_T002_L021_2011.06.06_155541_001_CKB.jpg","6/7/2011","10:18:56",2,21,0.023881,0.025172,0,0,0,0,0,0,0,0,0,0,0,0,0,0,0,0,0,0,0,0,0,0,0,0,10,0,0,0,0,0,0,0,0,0,0,0,0,0,0,0,0,0,0,0,0,0,0,0,0,0,0,0,0,0,0,0,0,0,0,0,0,0,0,0,0,0,0,0,0,0,0,0,0,0,0,"Prairie",0,"n","n","n"
"222","CONSISTEST_T002_L022_2011.06.06_155541_001_CKB.jpg","6/7/2011","10:18:56",2,22,0.023881,0.025172,0,0,0,0,0,0,0,0,0,0,0,0,0,0,0,0,0,0,0,0,0,0,0,0,10,0,0,0,0,0,0,0,0,0,0,0,0,0,0,0,0,0,0,0,0,0,0,0,0,0,0,0,0,0,0,0,0,0,0,0,0,0,0,0,0,0,0,0,0,0,0,0,0,0,0,"Switch",0,"n","n","n"
"223","CONSISTEST_T002_L023_2011.06.06_155541_001_CKB.jpg","6/7/2011","10:18:56",2,23,0.023881,0.025172,0,0,0,0,0,0,0,0,0,0,0,0,0,0,0,0,0,0,0,0,0,0,0,0,10,0,0,0,0,0,0,0,0,0,0,0,0,0,0,0,0,0,0,0,0,0,0,0,0,0,0,0,0,0,0,0,0,0,0,0,0,0,0,0,0,0,0,0,0,0,0,0,0,0,0,"Corn",0,"n","n","n"
"224","CONSISTEST_T002_L024_2011.06.06_155541_001_CKB.jpg","6/7/2011","10:18:56",2,24,0.023881,0.025172,0,0,0,0,0,0,0,0,0,0,0,0,0,0,0,0,0,0,0,0,0,0,0,0,10,0,0,0,0,0,0,0,0,0,0,0,0,0,0,0,0,0,0,0,0,0,0,0,0,0,0,0,0,0,0,0,0,0,0,0,0,0,0,0,0,0,0,0,0,0,0,0,0,0,0,"Misc",6,"y","n","n"
