term,parameter,crop_num,estimate,std.error,conf_2.5,conf_97.5,rhat,ess,conf_25,conf_75,Year,Session,Date,Run_ID,crop_name,prior_mean,prior_sd
b_depth[1],b_depth,1,-1.03889318125379,0.347030229639418,-1.85073639455438,-0.505559982898055,1.00034600640495,5421,-1.24261664955619,-0.790992925128608,2010,1,2010-05-27,_current,Maize-Soybean,-1,5
b_depth[2],b_depth,2,-0.858482173975272,0.200054346864274,-1.27202147681848,-0.488050940945152,1.00044686221202,7486,-0.988562167197199,-0.720879342125945,2010,1,2010-05-27,_current,Switchgrass,-1,5
b_depth[3],b_depth,3,-0.969304323914169,0.260084625904445,-1.53792551395088,-0.517500638538287,1.00040500821463,6873,-1.13219142010639,-0.783951440531079,2010,1,2010-05-27,_current,Miscanthus,-1,5
b_depth[4],b_depth,4,-0.979109178816558,0.205929787710543,-1.41923821940121,-0.615087339200227,1.00079456266546,3713,-1.10936887734438,-0.833683484601079,2010,1,2010-05-27,_current,Prairie,-1,5
intercept[1],intercept,1,-9.60960658541987,0.386338603802672,-10.4244032337173,-8.91189109995094,1.00170258320507,2530,-9.85674879854599,-9.3411346844307,2010,1,2010-05-27,_current,Maize-Soybean,-6,6
intercept[2],intercept,2,-7.51798521646757,0.167957032106287,-7.83938424043542,-7.17753971423546,1.00000145698645,8094,-7.63117649129702,-7.40881036590775,2010,1,2010-05-27,_current,Switchgrass,-6,6
intercept[3],intercept,3,-8.4593380130599,0.218879146910407,-8.92564171244154,-8.06126160275279,1.00142503426181,3477,-8.59798762228059,-8.30701252650276,2010,1,2010-05-27,_current,Miscanthus,-6,6
intercept[4],intercept,4,-7.86988328002255,0.157125892901954,-8.18409303159019,-7.56719377462178,1.0002983039082,6786,-7.97292316674089,-7.76519574344036,2010,1,2010-05-27,_current,Prairie,-6,6
loc_detect,loc_detect,NA,-8.00407577941512,0.115968425174409,-8.23516736354678,-7.77872837132314,1.00053549628085,5497,-8.08098838702727,-7.925804467605,2010,1,2010-05-27,_current,NA,-8,10
loc_surface[1],loc_surface,1,11.9749558751807,6.88724572638017,-2.69922254858243,24.0216065858648,1.00012102609024,12223,7.51743364790859,16.8270084231766,2010,1,2010-05-27,_current,Maize-Soybean,13,10
loc_surface[2],loc_surface,2,15.3377697489412,2.95706059515167,9.31158132350574,21.0522468837257,1.00027975077125,10142,13.4480765801145,17.3123788121841,2010,1,2010-05-27,_current,Switchgrass,13,10
loc_surface[3],loc_surface,3,14.6167463144598,4.5563391451409,5.76005319864089,23.4327493510584,1.00018064695202,12083,11.6012375016014,17.6272647038015,2010,1,2010-05-27,_current,Miscanthus,13,10
loc_surface[4],loc_surface,4,13.3542527283598,2.88614371392632,7.87342201284007,19.2192466691123,1.00027268517852,7601,11.38698397808,15.2380068030517,2010,1,2010-05-27,_current,Prairie,13,10
scale_detect,scale_detect,NA,0.668108325854933,0.116032638673893,0.461337732161455,0.914611969001241,1.0023092246298,1916,0.58524728871107,0.742038266458232,2010,1,2010-05-27,_current,NA,0,6
scale_surface[1],scale_surface,1,7.7188584993871,4.77080468124434,1.77995751205629,20.6309702424583,0.999876190495587,20000,4.75673197858235,9.25349131630076,2010,1,2010-05-27,_current,Maize-Soybean,6,5
scale_surface[2],scale_surface,2,4.69922820176753,1.09358415863428,3.08154527649438,7.26639303927792,1.00015286017301,11617,3.94768105851349,5.27148035238483,2010,1,2010-05-27,_current,Switchgrass,6,5
scale_surface[3],scale_surface,3,5.55334325478186,2.08811059847402,2.46008550509631,10.4263294854363,1.00001497630916,12657,4.23708720168295,6.49918072994292,2010,1,2010-05-27,_current,Miscanthus,6,5
scale_surface[4],scale_surface,4,3.61879670251911,0.88566788792529,2.06608361726517,5.55606874274074,1.00048531037321,12429,3.0169570021364,4.15284667765666,2010,1,2010-05-27,_current,Prairie,6,5
sig_tube,sig_tube,NA,0.484977470208056,0.0956807495930513,0.319543449498393,0.690495502043806,1.00223742646915,1903,0.417520329543876,0.544813467553035,2010,1,2010-05-27,_current,NA,0,3
sigma[1],sigma,1,2.47646749196721,0.349531811885437,1.89830464092794,3.26587453398742,0.999816795918981,20000,2.22758653412565,2.68809289371624,2010,1,2010-05-27,_current,Maize-Soybean,0,3
sigma[2],sigma,2,2.45795811577016,0.121115424898033,2.23330248341101,2.71157768369617,0.999985693571403,20000,2.37518913920519,2.5359571531372,2010,1,2010-05-27,_current,Switchgrass,0,3
sigma[3],sigma,3,2.36927028018676,0.171312727867964,2.0624194118123,2.73405072164225,0.999814512532515,20000,2.25162289002835,2.47721681941095,2010,1,2010-05-27,_current,Miscanthus,0,3
sigma[4],sigma,4,2.32317442789808,0.108662512856544,2.12227378209027,2.55096984498779,0.999997361276995,20000,2.24815859894146,2.39267652246026,2010,1,2010-05-27,_current,Prairie,0,3
b_depth[1],b_depth,1,-0.80932949875804,0.280342841605067,-1.39176237019477,-0.286178003094554,1.00160504453208,3811,-0.988397173437399,-0.616928024055981,2010,3,2010-07-23,_current,Maize-Soybean,-1,5
b_depth[2],b_depth,2,-1.00711543062059,0.190610296414613,-1.40316897293135,-0.659733360439304,1.00055972921071,4307,-1.13230232213774,-0.874948252819849,2010,3,2010-07-23,_current,Switchgrass,-1,5
b_depth[3],b_depth,3,-1.51627823848421,0.24593275624994,-2.02875409454313,-1.05762130095013,1.0010714171372,3370,-1.67481865484012,-1.34699062586973,2010,3,2010-07-23,_current,Miscanthus,-1,5
b_depth[4],b_depth,4,-0.869020647756481,0.169379462404482,-1.22122519166776,-0.55861402801002,1.00159624763282,3270,-0.979838324528286,-0.74980364009275,2010,3,2010-07-23,_current,Prairie,-1,5
intercept[1],intercept,1,-6.67328248703993,0.180794437480433,-7.03390058898456,-6.32147332419205,1.00003950518054,6505,-6.79142640179557,-6.55380161335792,2010,3,2010-07-23,_current,Maize-Soybean,-6,6
intercept[2],intercept,2,-6.26314235596789,0.167643715313216,-6.58046318476361,-5.92267207760502,1.00051311737645,6147,-6.3760040711607,-6.15457891722581,2010,3,2010-07-23,_current,Switchgrass,-6,6
intercept[3],intercept,3,-6.64809976538268,0.164743782824587,-6.98575960860825,-6.33656404705043,1.00098724168379,4806,-6.75356173083407,-6.53517741007447,2010,3,2010-07-23,_current,Miscanthus,-6,6
intercept[4],intercept,4,-6.62988762896441,0.151677801092413,-6.93757490433245,-6.34331193589664,1.00099616999512,4798,-6.73099803540611,-6.5259986263375,2010,3,2010-07-23,_current,Prairie,-6,6
loc_detect,loc_detect,NA,-6.97730413046659,0.110137191280062,-7.19543981224981,-6.76244584030353,1.00213320105578,2315,-7.05132514874351,-6.90418058011482,2010,3,2010-07-23,_current,NA,-8,10
loc_surface[1],loc_surface,1,27.2057774881793,5.82786642031859,13.7945016762715,36.6148888536541,1.00210302230247,2963,24.0004671654023,31.21854543752,2010,3,2010-07-23,_current,Maize-Soybean,13,10
loc_surface[2],loc_surface,2,13.6495751715906,2.98788747459593,8.04139514148891,19.7465887903773,1.00014292948585,5933,11.6706639366152,15.5645433335436,2010,3,2010-07-23,_current,Switchgrass,13,10
loc_surface[3],loc_surface,3,24.8700153530153,3.1472852970539,18.6352674268074,31.0038566364083,1.00017793245898,13300,22.7782784996372,26.989480868195,2010,3,2010-07-23,_current,Miscanthus,13,10
loc_surface[4],loc_surface,4,12.7357825722788,2.28374617511924,8.60716264093213,17.5058936185479,1.00025452706019,10539,11.1506977550144,14.1788732482344,2010,3,2010-07-23,_current,Prairie,13,10
scale_detect,scale_detect,NA,0.593553386099434,0.0980817122033036,0.41229161491413,0.79501182685139,1.00305239323722,1459,0.525693636046188,0.657756678719254,2010,3,2010-07-23,_current,NA,0,6
scale_surface[1],scale_surface,1,9.00130093771588,1.74824662407673,6.3966819374072,13.0458883432881,1.00063273556118,2787,7.85521244275616,9.89613385330414,2010,3,2010-07-23,_current,Maize-Soybean,6,5
scale_surface[2],scale_surface,2,3.56916631685289,0.899733716199621,2.08520710560175,5.5834760330909,1.00009132526085,20000,2.95569434186822,4.09074657123482,2010,3,2010-07-23,_current,Switchgrass,6,5
scale_surface[3],scale_surface,3,5.77196226854385,0.904998310870908,4.22761731376597,7.78307561839563,1.00043988575625,5250,5.13917401941779,6.31110914000821,2010,3,2010-07-23,_current,Miscanthus,6,5
scale_surface[4],scale_surface,4,3.36139717965983,0.794969562888881,2.0996221215142,5.18262158720364,1.00021989763446,7065,2.79693336382002,3.81481598993652,2010,3,2010-07-23,_current,Prairie,6,5
sig_tube,sig_tube,NA,0.559834853316372,0.0986546902127182,0.376168169095776,0.764096646968662,1.00224857513521,1584,0.49221772490736,0.623458433430715,2010,3,2010-07-23,_current,NA,0,3
sigma[1],sigma,1,1.89934190214753,0.107775518699734,1.70169285589679,2.12147261927134,1.00004140873295,20000,1.82514035006676,1.96906990027021,2010,3,2010-07-23,_current,Maize-Soybean,0,3
sigma[2],sigma,2,2.19440248235811,0.106100914886432,1.99641797126607,2.41514736370351,1.00015046196542,20000,2.12156430441362,2.26334377797988,2010,3,2010-07-23,_current,Switchgrass,0,3
sigma[3],sigma,3,2.27294403483347,0.104292974611173,2.07987599772345,2.48962304793237,0.999919071082908,20000,2.20067591277162,2.34049522840576,2010,3,2010-07-23,_current,Miscanthus,0,3
sigma[4],sigma,4,2.14446302235348,0.0972142510455511,1.9654979334698,2.34708700075158,0.999912906491466,20000,2.07682805070947,2.20733593344699,2010,3,2010-07-23,_current,Prairie,0,3
b_depth[1],b_depth,1,0.0693038110134466,0.264116038315307,-0.55222605279151,0.487914185273436,1.00023307590232,10019,-0.0745003205313667,0.251673233432163,2010,4,2010-08-16,_current,Maize-Soybean,-1,5
b_depth[2],b_depth,2,-0.901890735675007,0.183264156598876,-1.2665407372877,-0.543215364913558,0.999818042887476,20000,-1.02369177014426,-0.777977924066774,2010,4,2010-08-16,_current,Switchgrass,-1,5
b_depth[3],b_depth,3,-0.686678252890155,0.196425495622461,-1.10381405062356,-0.328507358686897,1.00011728108429,20000,-0.811797070411127,-0.549910073593834,2010,4,2010-08-16,_current,Miscanthus,-1,5
b_depth[4],b_depth,4,-0.822984583513713,0.202791531955857,-1.24576120242316,-0.454307172901225,0.999943640186418,20000,-0.955644374373993,-0.681608083637134,2010,4,2010-08-16,_current,Prairie,-1,5
intercept[1],intercept,1,-5.66159790307121,0.204807699236622,-6.05357378261299,-5.23925766883587,1.00038785519859,8175,-5.79965300057509,-5.53084052032716,2010,4,2010-08-16,_current,Maize-Soybean,-6,6
intercept[2],intercept,2,-5.44016506856,0.19218920197436,-5.81155450123528,-5.0559897104016,0.999953994321303,7270,-5.56848881562353,-5.31455419133381,2010,4,2010-08-16,_current,Switchgrass,-6,6
intercept[3],intercept,3,-6.03424866422748,0.188181047569383,-6.41494704238556,-5.67179528279613,1.00077289646059,7675,-6.15811180023742,-5.90796156416944,2010,4,2010-08-16,_current,Miscanthus,-6,6
intercept[4],intercept,4,-5.90326500143278,0.181948411880428,-6.26318231663582,-5.55703492176646,1.0003323615879,7072,-6.0243357576208,-5.77797761424005,2010,4,2010-08-16,_current,Prairie,-6,6
loc_detect,loc_detect,NA,-6.1692458395411,0.0939871536195506,-6.36237187317556,-5.99239542969818,1.00018284698962,20000,-6.22991207978235,-6.10506373846749,2010,4,2010-08-16,_current,NA,-8,10
loc_surface[1],loc_surface,1,21.6746461590687,11.1689506120294,-1.44757857468441,41.4808856230959,1.00011081243611,12430,14.2190772700871,29.9487841509019,2010,4,2010-08-16,_current,Maize-Soybean,13,10
loc_surface[2],loc_surface,2,15.2033243300557,2.51844029923337,10.3176693306959,20.2365863679358,0.99990202011948,20000,13.5281736505795,16.8611758803007,2010,4,2010-08-16,_current,Switchgrass,13,10
loc_surface[3],loc_surface,3,13.9780195360978,4.2291139470771,6.56723410556934,23.1139806530367,1.00016088312407,16605,11.0434235004456,16.6225146088746,2010,4,2010-08-16,_current,Miscanthus,13,10
loc_surface[4],loc_surface,4,15.7481541246243,3.91963435196895,8.26939139738137,23.5705151638524,1.00001971227886,13982,13.0503048355761,18.3639168485818,2010,4,2010-08-16,_current,Prairie,13,10
scale_detect,scale_detect,NA,0.966528997702713,0.163868246088312,0.691474984176685,1.32525322492191,1.00091178364448,4002,0.848719919972645,1.06544586993533,2010,4,2010-08-16,_current,NA,0,6
scale_surface[1],scale_surface,1,17.073803776789,5.42069573344472,9.27203608970753,30.0358619677786,1.00018709529083,20000,13.1885912217,20.0877050742559,2010,4,2010-08-16,_current,Maize-Soybean,6,5
scale_surface[2],scale_surface,2,3.28747028574561,0.66058079238362,2.17571725616407,4.78875505966788,1.00013523615849,20000,2.83042542509211,3.67137796394732,2010,4,2010-08-16,_current,Switchgrass,6,5
scale_surface[3],scale_surface,3,4.97525292880193,2.02186457911229,2.15066503603556,9.79840190527414,1.00000971638364,20000,3.63972524649295,5.89529953645474,2010,4,2010-08-16,_current,Miscanthus,6,5
scale_surface[4],scale_surface,4,4.5680578633244,1.31509077030252,2.21167556168626,7.48390154299579,0.999896805722618,20000,3.72110131867266,5.29506057046245,2010,4,2010-08-16,_current,Prairie,6,5
sig_tube,sig_tube,NA,0.69786194594691,0.0927937093382395,0.529105900356205,0.892504506125377,1.00086650020587,4879,0.633787326972112,0.757844030429853,2010,4,2010-08-16,_current,NA,0,3
sigma[1],sigma,1,1.51139240608459,0.0909248473528736,1.3435717438874,1.69785674644884,1.00003307969722,20000,1.44842269204517,1.57140553870212,2010,4,2010-08-16,_current,Maize-Soybean,0,3
sigma[2],sigma,2,1.76355121895549,0.0897935196277992,1.59793421721227,1.94903038885745,0.999871897910296,20000,1.70089695891188,1.82178101676381,2010,4,2010-08-16,_current,Switchgrass,0,3
sigma[3],sigma,3,1.61626968310375,0.0872147663521601,1.45537106169643,1.79663421366413,1.00001536916371,20000,1.55524155721468,1.67286554752447,2010,4,2010-08-16,_current,Miscanthus,0,3
sigma[4],sigma,4,1.80793771110822,0.0900648745309541,1.63912861130906,1.99394799023562,0.999903152531105,20000,1.74609422564001,1.8669352901901,2010,4,2010-08-16,_current,Prairie,0,3
b_depth[1],b_depth,1,0.044362878305467,0.216030614274171,-0.456544730464643,0.407715211201206,1.00043611386241,7651,-0.072165535515067,0.188687952648343,2010,5,2010-10-10,_current,Maize-Soybean,-1,5
b_depth[2],b_depth,2,-1.45863282487428,0.254995683068798,-1.96820351687537,-0.961108354858689,0.999947215734402,16000,-1.62734342183785,-1.28951443092967,2010,5,2010-10-10,_current,Switchgrass,-1,5
b_depth[3],b_depth,3,-0.6726433705937,0.277621601397689,-1.28159207841192,-0.198027844049166,1.00005483437893,12973,-0.845140685698145,-0.477499843144232,2010,5,2010-10-10,_current,Miscanthus,-1,5
b_depth[4],b_depth,4,-1.24681160354436,0.266876934529597,-1.79031036953886,-0.752879777250469,1.00002149932001,16000,-1.42379595789351,-1.06128036656746,2010,5,2010-10-10,_current,Prairie,-1,5
intercept[1],intercept,1,-8.3339909582092,0.264191624710687,-8.85987496636254,-7.82217772032157,1.00071905606091,5247,-8.50679033572804,-8.15723201841004,2010,5,2010-10-10,_current,Maize-Soybean,-6,6
intercept[2],intercept,2,-6.7839400493664,0.269461739587324,-7.31228247442749,-6.25006602789111,1.00006060162601,5592,-6.96661384729874,-6.6030054530316,2010,5,2010-10-10,_current,Switchgrass,-6,6
intercept[3],intercept,3,-7.95959478431458,0.296102377093599,-8.54295564815267,-7.38417584705073,1.00029589541152,5802,-8.15886950657533,-7.76235461399631,2010,5,2010-10-10,_current,Miscanthus,-6,6
intercept[4],intercept,4,-7.63842421287947,0.245235873212599,-8.11851831643423,-7.15871983581179,1.00090833645244,4919,-7.8011706910285,-7.47590589322472,2010,5,2010-10-10,_current,Prairie,-6,6
loc_detect,loc_detect,NA,-8.7480533224667,0.14912044452909,-9.05365595988899,-8.472527476828,1.00065196104706,8023,-8.8457352506604,-8.6434299875128,2010,5,2010-10-10,_current,NA,-8,10
loc_surface[1],loc_surface,1,18.7502927449336,10.8879978034889,-3.26993367288929,39.2463872035843,1.00009978545099,9006,11.4931682268676,26.4288963029319,2010,5,2010-10-10,_current,Maize-Soybean,13,10
loc_surface[2],loc_surface,2,17.308761799515,2.34210570536598,12.7739732255622,21.9261528911679,1.00001953399706,16000,15.6929325906353,18.8786748075322,2010,5,2010-10-10,_current,Switchgrass,13,10
loc_surface[3],loc_surface,3,14.0325675026441,7.18210431010644,-1.16163563052785,27.6445846891347,0.999969987040968,13499,9.47713087911083,18.7859393361988,2010,5,2010-10-10,_current,Miscanthus,13,10
loc_surface[4],loc_surface,4,20.178973209725,3.01921610409299,14.1970939167215,26.0399790022279,1.00005641475901,12027,18.1580905157196,22.2059135505231,2010,5,2010-10-10,_current,Prairie,13,10
scale_detect,scale_detect,NA,1.36907242237862,0.16782850523353,1.06848423371907,1.72452917157863,1.0004478457355,6308,1.25170288968028,1.47668985189788,2010,5,2010-10-10,_current,NA,0,6
scale_surface[1],scale_surface,1,19.2956605355942,6.32299136167379,9.35511257006742,33.5609003859821,1.00084426553222,16000,14.6968868048641,23.1040387298569,2010,5,2010-10-10,_current,Maize-Soybean,6,5
scale_surface[2],scale_surface,2,2.69513704987247,0.506087828276694,1.87170555595224,3.85566711514593,0.999940702602367,16000,2.34050458275116,2.98882471324821,2010,5,2010-10-10,_current,Switchgrass,6,5
scale_surface[3],scale_surface,3,8.44331325597731,5.18831634432891,2.11442203530038,21.991178848204,0.999915286496685,16000,4.88043430808845,10.5485793286308,2010,5,2010-10-10,_current,Miscanthus,6,5
scale_surface[4],scale_surface,4,3.4010837776783,0.640148757781931,2.30347662954276,4.86102439013184,0.999905279363854,16000,2.96279106343256,3.76935794058902,2010,5,2010-10-10,_current,Prairie,6,5
sig_tube,sig_tube,NA,1.0109093894698,0.110898782082371,0.811988056937673,1.24293257320084,1.00036612811508,7356,0.93305273407269,1.08173730906272,2010,5,2010-10-10,_current,NA,0,3
sigma[1],sigma,1,2.25304720337949,0.102235970360475,2.06291002057217,2.46420039351585,1.0000506962328,16000,2.18205160410651,2.31888128317455,2010,5,2010-10-10,_current,Maize-Soybean,0,3
sigma[2],sigma,2,2.21715710917034,0.103950788356374,2.02499045145633,2.43066458837179,1.00003971054895,16000,2.14478219398235,2.28504121227496,2010,5,2010-10-10,_current,Switchgrass,0,3
sigma[3],sigma,3,2.50085704797626,0.130057364249423,2.26465823889697,2.76672985380779,0.999970435794448,16000,2.40986022438274,2.58667749477611,2010,5,2010-10-10,_current,Miscanthus,0,3
sigma[4],sigma,4,2.32702114135805,0.0990817797991294,2.14194526130727,2.53089291759543,1.00004500007667,16000,2.25895967164614,2.39159377474859,2010,5,2010-10-10,_current,Prairie,0,3
b_depth[1],b_depth,1,-0.0186603017254022,0.183042118104884,-0.39679129624828,0.315748079219352,0.999943783742999,20000,-0.136001311909285,0.107708899953167,2011,4,2011-08-03,_current,Maize-Soybean,-1,5
b_depth[2],b_depth,2,-0.698451668330347,0.163285187847136,-1.02818016359364,-0.386338604592191,0.999902615163745,20000,-0.807228763523633,-0.587285769907125,2011,4,2011-08-03,_current,Switchgrass,-1,5
b_depth[3],b_depth,3,-0.312683683779698,0.146934211074882,-0.615576958805944,-0.0464357919983246,0.999829949627605,20000,-0.408788195292024,-0.20954069726424,2011,4,2011-08-03,_current,Miscanthus,-1,5
b_depth[4],b_depth,4,-0.538356316482043,0.138465079194063,-0.820923924043555,-0.275913453562687,0.99987411112624,20000,-0.630412129983443,-0.444198443953805,2011,4,2011-08-03,_current,Prairie,-1,5
intercept[1],intercept,1,-5.08828200171494,0.137319909412933,-5.35715693368181,-4.81494028985724,1.00003715769087,12825,-5.17992431757011,-4.99580364122068,2011,4,2011-08-03,_current,Maize-Soybean,-6,6
intercept[2],intercept,2,-4.8097840717791,0.135649231644995,-5.07384361609209,-4.54199074604176,1.00006038604032,12101,-4.90238790564963,-4.7171796886247,2011,4,2011-08-03,_current,Switchgrass,-6,6
intercept[3],intercept,3,-5.4453662187717,0.132181538478106,-5.70149513570181,-5.18386654049548,1.00028366443239,12244,-5.5330688480755,-5.35848446558794,2011,4,2011-08-03,_current,Miscanthus,-6,6
intercept[4],intercept,4,-4.98564615983935,0.126501780572614,-5.23501214880608,-4.73649257042461,1.00035149407597,11302,-5.06990587691925,-4.90220182279784,2011,4,2011-08-03,_current,Prairie,-6,6
loc_detect,loc_detect,NA,-8.15049571535626,0.725186128351639,-9.91000734881653,-7.16912312864913,1.00068341958325,8768,-8.47874533204083,-7.66680802510765,2011,4,2011-08-03,_current,NA,-8,10
loc_surface[1],loc_surface,1,12.1643190482203,5.61754458473669,-0.119160855461511,22.8488439515171,0.999975016319518,20000,8.9056139371229,15.7194807084754,2011,4,2011-08-03,_current,Maize-Soybean,13,10
loc_surface[2],loc_surface,2,14.6302843820495,3.42462303749226,7.99714711459596,21.4845443435722,0.999954215296899,20000,12.3778949207876,16.8548669012332,2011,4,2011-08-03,_current,Switchgrass,13,10
loc_surface[3],loc_surface,3,10.423237818941,5.07471913077804,0.52234942945772,20.7865093699876,0.999846895480447,18149,7.18050068578699,13.572429302857,2011,4,2011-08-03,_current,Miscanthus,13,10
loc_surface[4],loc_surface,4,11.4255375649667,2.90844611893314,6.28489103718305,17.6308333086472,0.999881925889922,20000,9.36496015548402,13.2578197540343,2011,4,2011-08-03,_current,Prairie,13,10
scale_detect,scale_detect,NA,0.966220137180029,0.257937173056607,0.61622075409918,1.59666052992546,1.00067825353565,8866,0.793434851160022,1.08155878014491,2011,4,2011-08-03,_current,NA,0,6
scale_surface[1],scale_surface,1,7.62824488315901,3.74935542514996,2.99882346049716,17.6699617779359,1.00007159671925,20000,5.17382807947725,9.05982162212736,2011,4,2011-08-03,_current,Maize-Soybean,6,5
scale_surface[2],scale_surface,2,5.15706654039016,1.42487870678555,3.11936010525878,8.59020365029748,0.999875355685229,20000,4.20099287505199,5.83671569985819,2011,4,2011-08-03,_current,Switchgrass,6,5
scale_surface[3],scale_surface,3,7.20652499327706,3.54742293054168,2.3125579935013,16.0876150140641,1.00010735292494,20000,4.79669645332329,8.82344825340063,2011,4,2011-08-03,_current,Miscanthus,6,5
scale_surface[4],scale_surface,4,3.7656335433115,1.2490536188985,1.81256788424067,6.6239368102362,0.999961725588601,20000,2.91228201545637,4.42243475011472,2011,4,2011-08-03,_current,Prairie,6,5
sig_tube,sig_tube,NA,0.50627818642715,0.0554927044097121,0.405441450899688,0.622952065408723,1.00009390391324,13477,0.467780387605888,0.541925188717102,2011,4,2011-08-03,_current,NA,0,3
sigma[1],sigma,1,1.56400495362792,0.0577332630262345,1.45437252380412,1.67948411958756,0.999856508587785,20000,1.52421851600703,1.60205906543974,2011,4,2011-08-03,_current,Maize-Soybean,0,3
sigma[2],sigma,2,1.42485243721725,0.0520931624152479,1.32773179572158,1.52971035692662,0.99982410343257,20000,1.38847454370851,1.45935885876963,2011,4,2011-08-03,_current,Switchgrass,0,3
sigma[3],sigma,3,1.3618229417441,0.0484776541382577,1.271156596134,1.46018795061745,0.999858388207349,20000,1.32829510364071,1.39357218279863,2011,4,2011-08-03,_current,Miscanthus,0,3
sigma[4],sigma,4,1.29494804048772,0.0466759615502897,1.20699057412549,1.38995688625377,0.999944287238491,20000,1.26276295008737,1.32599502596557,2011,4,2011-08-03,_current,Prairie,0,3
b_depth[1],b_depth,1,-0.587166749031434,0.145203784845976,-0.8747845186676,-0.307299672537716,1.00025471353976,7642,-0.684529371815539,-0.48942296029101,2012,1,2012-05-21,_current,Maize-Soybean,-1,5
b_depth[2],b_depth,2,-1.05059492506025,0.193853981179718,-1.43898495321987,-0.683236366264953,1.0003237553415,15774,-1.17877440399001,-0.919134784816001,2012,1,2012-05-21,_current,Switchgrass,-1,5
b_depth[3],b_depth,3,-0.509397051862397,0.196201237152795,-0.910791329363518,-0.147002446082887,1.00055435113648,12099,-0.63922150433829,-0.374572494423509,2012,1,2012-05-21,_current,Miscanthus,-1,5
b_depth[4],b_depth,4,-1.15634382277372,0.177493554301988,-1.51664704623356,-0.822662279981857,0.999950014595561,12279,-1.27497886350272,-1.03390329063234,2012,1,2012-05-21,_current,Prairie,-1,5
intercept[1],intercept,1,-7.31622475801236,0.275913231372551,-7.87960207329637,-6.80291288638596,1.00108830160242,3355,-7.49852329604883,-7.12653672268651,2012,1,2012-05-21,_current,Maize-Soybean,-6,6
intercept[2],intercept,2,-5.31171737746909,0.230517862938179,-5.76635293484245,-4.85527008731855,1.00103881231482,2384,-5.46832382737374,-5.1573071224556,2012,1,2012-05-21,_current,Switchgrass,-6,6
intercept[3],intercept,3,-6.14849397143001,0.234976248026053,-6.6170922140942,-5.6902519617694,1.00054563386687,2962,-6.30264071912368,-5.99171978421347,2012,1,2012-05-21,_current,Miscanthus,-6,6
intercept[4],intercept,4,-5.56546406089823,0.208768457625747,-5.97232079110626,-5.15205139931775,1.0012111920458,2951,-5.70588572019805,-5.42831235269725,2012,1,2012-05-21,_current,Prairie,-6,6
loc_detect,loc_detect,NA,-6.33221951624691,0.0956843373141046,-6.5224327932524,-6.14626185096923,1.00028705432823,6228,-6.39742191948667,-6.26687974034986,2012,1,2012-05-21,_current,NA,-8,10
loc_surface[1],loc_surface,1,6.79413137229069,9.87957747862219,-11.2763237700638,27.3988883906849,0.999964399241839,9315,0.0432458759913406,13.3164243157462,2012,1,2012-05-21,_current,Maize-Soybean,13,10
loc_surface[2],loc_surface,2,19.5352210351412,2.94001702515479,13.9343862785961,25.4597056528627,1.00033227935846,12672,17.5056149176289,21.4710726219159,2012,1,2012-05-21,_current,Switchgrass,13,10
loc_surface[3],loc_surface,3,17.8631310844135,5.15912645767382,7.13338123211138,27.5827469286468,1.00065507397093,12216,14.7483915643312,21.1687356264461,2012,1,2012-05-21,_current,Miscanthus,13,10
loc_surface[4],loc_surface,4,19.6728719667456,2.59698321140726,14.6771678382483,24.918956858908,1.00004776371415,12710,17.9229805203946,21.3959913441467,2012,1,2012-05-21,_current,Prairie,13,10
scale_detect,scale_detect,NA,0.796539461953711,0.0844892939420543,0.641040587369741,0.973918830643602,1.00098604727542,3944,0.737693685445154,0.851726665873755,2012,1,2012-05-21,_current,NA,0,6
scale_surface[1],scale_surface,1,18.5154557445486,9.58652359074737,1.4677492005151,37.0560532473178,1.00010482751448,8542,11.4960672966977,25.2762374278633,2012,1,2012-05-21,_current,Maize-Soybean,6,5
scale_surface[2],scale_surface,2,4.26633417469563,0.778584479190821,2.94080645241585,5.99331025789055,1.00007032957761,16204,3.72997097577017,4.73265896297036,2012,1,2012-05-21,_current,Switchgrass,6,5
scale_surface[3],scale_surface,3,7.6705832718077,2.43155624281789,4.42164600247555,13.6666323444634,1.00038322114884,13554,6.06589535463763,8.71657283609311,2012,1,2012-05-21,_current,Miscanthus,6,5
scale_surface[4],scale_surface,4,4.42281657476746,0.721457825822846,3.19952247884363,6.04934809856023,0.999904953182121,14979,3.92490331624255,4.845179905738,2012,1,2012-05-21,_current,Prairie,6,5
sig_tube,sig_tube,NA,0.935059834712633,0.1199553659312,0.719704345796721,1.18799409425386,1.00111661752421,4205,0.850299043705581,1.01193060430659,2012,1,2012-05-21,_current,NA,0,3
sigma[1],sigma,1,2.0778394922287,0.141226039782482,1.82067822705251,2.37537552072189,0.999887145406759,20000,1.97875946860116,2.16818475073515,2012,1,2012-05-21,_current,Maize-Soybean,0,3
sigma[2],sigma,2,1.74094276758402,0.0789877139795535,1.59501336056836,1.90431861181896,1.00006099741546,20000,1.68574173784152,1.79229046525127,2012,1,2012-05-21,_current,Switchgrass,0,3
sigma[3],sigma,3,1.94500510963349,0.0907549856506472,1.77823403791183,2.13201513114133,0.999940933223829,20000,1.88158768842836,2.003756910433,2012,1,2012-05-21,_current,Miscanthus,0,3
sigma[4],sigma,4,1.7257920997404,0.0680866117923992,1.59945580603892,1.86482437160567,0.999951357875067,20000,1.67870522070557,1.77076212636052,2012,1,2012-05-21,_current,Prairie,0,3
b_depth[1],b_depth,1,-1.20676378372096,0.209720333300367,-1.64981786051971,-0.827132892692396,1.00064055927027,3978,-1.34249383999757,-1.05966874377685,2012,2,2012-06-06,_current,Maize-Soybean,-1,5
b_depth[2],b_depth,2,-1.26346274074051,0.20338908444515,-1.66947271686831,-0.874639165699627,1.00017598121905,13120,-1.39947170629776,-1.12489143774958,2012,2,2012-06-06,_current,Switchgrass,-1,5
b_depth[3],b_depth,3,-0.387702353802344,0.184130142839229,-0.793509689843809,-0.0695079740209286,1.00050274772912,8003,-0.501358351087001,-0.257515604622782,2012,2,2012-06-06,_current,Miscanthus,-1,5
b_depth[4],b_depth,4,-0.93231818324659,0.177881183816328,-1.30136854730082,-0.60256106891135,1.0001582619035,9586,-1.0469073298056,-0.808031322295243,2012,2,2012-06-06,_current,Prairie,-1,5
intercept[1],intercept,1,-6.59628841297645,0.186846095280532,-6.97420786719768,-6.24575247516051,1.00137317579436,3089,-6.72017927103903,-6.46823172164101,2012,2,2012-06-06,_current,Maize-Soybean,-6,6
intercept[2],intercept,2,-5.02295562051398,0.148476483323667,-5.30424858409482,-4.72367855574158,1.00000925942118,5466,-5.12398650816875,-4.92507353768105,2012,2,2012-06-06,_current,Switchgrass,-6,6
intercept[3],intercept,3,-5.67406533116961,0.150033945753034,-5.97060249551536,-5.37859371805073,1.00171231234855,5562,-5.77228933726787,-5.57480398748364,2012,2,2012-06-06,_current,Miscanthus,-6,6
intercept[4],intercept,4,-5.35381748909849,0.137107774096061,-5.62249395100863,-5.08269931032513,1.00035072308333,5697,-5.44474800344005,-5.26354466568446,2012,2,2012-06-06,_current,Prairie,-6,6
loc_detect,loc_detect,NA,-6.10310703696231,0.0982382174854594,-6.29692936059826,-5.91213369884893,1.00127197661332,3242,-6.16840687995847,-6.03670553178621,2012,2,2012-06-06,_current,NA,-8,10
loc_surface[1],loc_surface,1,14.6146643950234,2.58941467674502,9.89201597739473,19.87525809814,1.00022962071605,11001,12.7793912458755,16.3564656779322,2012,2,2012-06-06,_current,Maize-Soybean,13,10
loc_surface[2],loc_surface,2,27.0717856444705,2.67119929460364,21.6468246594579,32.1961880066657,1.00009405869196,15919,25.3225919329938,28.8943555574136,2012,2,2012-06-06,_current,Switchgrass,13,10
loc_surface[3],loc_surface,3,16.8613812556437,8.51465194427518,-0.861966632939475,32.3079190968541,1.00039620115496,8641,11.3257609295061,22.8162397224937,2012,2,2012-06-06,_current,Miscanthus,13,10
loc_surface[4],loc_surface,4,21.7912815254981,3.99473308316371,13.9688656451834,29.7683571663003,0.999946126764748,12053,19.0930818788924,24.4449371420544,2012,2,2012-06-06,_current,Prairie,13,10
scale_detect,scale_detect,NA,0.613578961838598,0.0851183724128275,0.454726340542617,0.788907537003748,1.00146057825334,2415,0.55539547742041,0.669526770300378,2012,2,2012-06-06,_current,NA,0,6
scale_surface[1],scale_surface,1,3.19996620450291,0.740543226111175,1.90329849478175,4.78679477343639,1.00039058238193,7573,2.68193603480159,3.66784610112736,2012,2,2012-06-06,_current,Maize-Soybean,6,5
scale_surface[2],scale_surface,2,5.39379736956773,0.678686103084284,4.21686473420613,6.88536191803925,1.00013837020356,8855,4.91950616085505,5.80633385108715,2012,2,2012-06-06,_current,Switchgrass,6,5
scale_surface[3],scale_surface,3,13.5192107613245,3.97184947740086,7.13621303346717,22.9743070303842,1.00052741645559,20000,10.936906085605,15.5657167203075,2012,2,2012-06-06,_current,Miscanthus,6,5
scale_surface[4],scale_surface,4,6.96741778756499,1.33485314591885,4.73107693827174,9.96960270570436,1.0000085117258,20000,6.03903597951901,7.75026839443338,2012,2,2012-06-06,_current,Prairie,6,5
sig_tube,sig_tube,NA,0.506992083818711,0.0774116714182026,0.364659122527647,0.670195281132926,1.00094000667314,2612,0.453162041666024,0.556897302468586,2012,2,2012-06-06,_current,NA,0,3
sigma[1],sigma,1,2.16049199968877,0.127375159061042,1.92490259942863,2.43199141357457,0.999901467387383,20000,2.07211015562794,2.24174170832342,2012,2,2012-06-06,_current,Maize-Soybean,0,3
sigma[2],sigma,2,1.79874171180743,0.0782045185487299,1.65307390481153,1.95792435664653,1.00001905794435,20000,1.74436095325406,1.85046733009948,2012,2,2012-06-06,_current,Switchgrass,0,3
sigma[3],sigma,3,1.80441429010611,0.0810180533329088,1.65256714398646,1.97140403842942,0.999907789917496,20000,1.74845876553791,1.85791107486695,2012,2,2012-06-06,_current,Miscanthus,0,3
sigma[4],sigma,4,1.71758272123425,0.0665941678215891,1.5919754350743,1.85339278556546,0.999998176846279,20000,1.67189624245158,1.76109199188369,2012,2,2012-06-06,_current,Prairie,0,3
b_depth[1],b_depth,1,-1.82114624049641,0.240062924522043,-2.30891075783641,-1.36294594298809,1.00175293347694,3497,-1.97689822844299,-1.65913431653695,2012,3,2012-06-20,_current,Maize-Soybean,-1,5
b_depth[2],b_depth,2,-0.845576610863509,0.207244529594703,-1.26709110719272,-0.449662240563851,1.00033653643407,13214,-0.983474613713375,-0.703032220613574,2012,3,2012-06-20,_current,Switchgrass,-1,5
b_depth[3],b_depth,3,-0.274307360965203,0.175373262728609,-0.660881606324652,0.0282080943445806,1.00038137946969,9667,-0.38259202856281,-0.151013238073125,2012,3,2012-06-20,_current,Miscanthus,-1,5
b_depth[4],b_depth,4,-0.824882699120763,0.154259175064868,-1.14033736402648,-0.532561090689959,1.00043318788948,11199,-0.925474850858383,-0.718738970716598,2012,3,2012-06-20,_current,Prairie,-1,5
intercept[1],intercept,1,-5.85505194457898,0.139019391474409,-6.13408271593418,-5.59036467400996,1.00122511785266,6158,-5.94657822661786,-5.76155686124046,2012,3,2012-06-20,_current,Maize-Soybean,-6,6
intercept[2],intercept,2,-5.11509683339681,0.151561550020895,-5.40441227544939,-4.80888851577691,1.00065942909639,5952,-5.21796254003494,-5.01506467260652,2012,3,2012-06-20,_current,Switchgrass,-6,6
intercept[3],intercept,3,-5.70172070697857,0.144793354087604,-5.98964307313335,-5.42449825578316,1.00032998126298,5107,-5.79611862278559,-5.60477923667637,2012,3,2012-06-20,_current,Miscanthus,-6,6
intercept[4],intercept,4,-5.40606468113802,0.131242960956585,-5.66446142493993,-5.14974716950644,1.0013044838883,4469,-5.49400575045016,-5.3168433286942,2012,3,2012-06-20,_current,Prairie,-6,6
loc_detect,loc_detect,NA,-6.32659523872805,0.113316597998663,-6.5526857232676,-6.10815056772329,1.0025016218062,2884,-6.40186360289331,-6.25049106123783,2012,3,2012-06-20,_current,NA,-8,10
loc_surface[1],loc_surface,1,23.0362752447932,1.67113265091934,19.7633652491449,26.2747035635751,0.999965800760704,15251,21.9031959145474,24.1679049113915,2012,3,2012-06-20,_current,Maize-Soybean,13,10
loc_surface[2],loc_surface,2,24.3693751727574,3.72916053770084,16.929151111899,31.6810531960583,1.00078940355041,11500,21.9048756576769,26.8750541540029,2012,3,2012-06-20,_current,Switchgrass,13,10
loc_surface[3],loc_surface,3,17.6508055968049,8.70513191463092,-0.601831377985052,33.6367634836664,1.00017837847496,9932,12.114347000436,23.6707328801966,2012,3,2012-06-20,_current,Miscanthus,13,10
loc_surface[4],loc_surface,4,19.1139305383209,2.97931930390939,13.3107322494181,25.1263830133721,1.00033012197287,10728,17.1027155388163,21.089317145449,2012,3,2012-06-20,_current,Prairie,13,10
scale_detect,scale_detect,NA,0.566168392194907,0.0779857058974812,0.419798939093361,0.724790318142209,1.00282582075688,2419,0.512461212417669,0.617165872441851,2012,3,2012-06-20,_current,NA,0,6
scale_surface[1],scale_surface,1,3.18255917070175,0.407929054855339,2.481587753682,4.08337144253496,1.001518596687,3930,2.895565689617,3.43651616960426,2012,3,2012-06-20,_current,Maize-Soybean,6,5
scale_surface[2],scale_surface,2,6.26018437431843,0.983957681829045,4.60259969253686,8.44337159098431,1.00014612680218,20000,5.58151015462472,6.83831279770629,2012,3,2012-06-20,_current,Switchgrass,6,5
scale_surface[3],scale_surface,3,14.6928437626698,3.9904740684488,8.51235584134345,24.0544138478675,1.00009944733916,20000,11.9875939713247,16.7933202849339,2012,3,2012-06-20,_current,Miscanthus,6,5
scale_surface[4],scale_surface,4,5.03714405971938,0.88795768678953,3.45390074853654,6.96555985536078,1.00052931952419,10931,4.41553524847179,5.58251324079903,2012,3,2012-06-20,_current,Prairie,6,5
sig_tube,sig_tube,NA,0.513240441999262,0.0718144832201004,0.378894408310931,0.661688733283652,1.00228907353946,2877,0.46326929947513,0.56025634505269,2012,3,2012-06-20,_current,NA,0,3
sigma[1],sigma,1,2.06326746454109,0.0967630312819099,1.88481333190504,2.26449993939075,1.00022381016269,20000,1.99621319838526,2.12605833861131,2012,3,2012-06-20,_current,Maize-Soybean,0,3
sigma[2],sigma,2,1.81293666800044,0.0758744226421173,1.67172901216681,1.96829478324092,1.00028724753327,20000,1.76051053416219,1.86305168878898,2012,3,2012-06-20,_current,Switchgrass,0,3
sigma[3],sigma,3,1.75748103359171,0.0749519612394532,1.61771545011775,1.91183521492107,1.00015231213136,20000,1.70622738132308,1.80605233815489,2012,3,2012-06-20,_current,Miscanthus,0,3
sigma[4],sigma,4,1.70021633427707,0.0624388345085529,1.58276627028641,1.82806599478332,0.999915001675797,20000,1.65762113298519,1.74122992763326,2012,3,2012-06-20,_current,Prairie,0,3
b_depth[1],b_depth,1,0.381916487990667,0.277808779865833,-0.206859520929303,0.870228140439575,0.999929318076197,10956,0.199563608945714,0.582225732756099,2012,4,2012-08-05,_current,Maize-Soybean,-1,5
b_depth[2],b_depth,2,-0.900125076914437,0.337154369845084,-1.56551209401843,-0.232486193799682,1.00055576444026,10803,-1.12667981745057,-0.674059603999757,2012,4,2012-08-05,_current,Switchgrass,-1,5
b_depth[3],b_depth,3,-0.129616310367289,0.283037526190149,-0.75789125793178,0.341448759611129,1.00007797424926,10410,-0.30453328809601,0.075275599434772,2012,4,2012-08-05,_current,Miscanthus,-1,5
b_depth[4],b_depth,4,-0.250798272271835,0.204082842632405,-0.670116842394394,0.129442074018701,1.00042582292869,15211,-0.383121820336487,-0.109356405974658,2012,4,2012-08-05,_current,Prairie,-1,5
intercept[1],intercept,1,-5.04328704286129,0.170495698254542,-5.37339200711489,-4.70325400838657,1.00036750678118,7536,-5.15818911876221,-4.93128277012734,2012,4,2012-08-05,_current,Maize-Soybean,-6,6
intercept[2],intercept,2,-4.59238811009842,0.193778468790277,-4.95890018052163,-4.19848984608347,1.00063514396621,8149,-4.72371361075585,-4.46647599965014,2012,4,2012-08-05,_current,Switchgrass,-6,6
intercept[3],intercept,3,-5.79289908012775,0.177597141438759,-6.13786286054066,-5.43750991322543,1.00026573914726,7840,-5.91236507205476,-5.67446299086428,2012,4,2012-08-05,_current,Miscanthus,-6,6
intercept[4],intercept,4,-5.28734600458175,0.155494641090381,-5.58889296980875,-4.97894328721138,1.00096886798917,6361,-5.39035070160416,-5.18428083028098,2012,4,2012-08-05,_current,Prairie,-6,6
loc_detect,loc_detect,NA,-6.68263569162455,0.159356999483334,-7.02533150910255,-6.400594653549,1.00024219427707,9784,-6.78038226146302,-6.57034085750576,2012,4,2012-08-05,_current,NA,-8,10
loc_surface[1],loc_surface,1,22.5349923006793,8.16093728292786,5.34405942490857,37.1691036873528,0.999963186133506,11948,17.3868153558187,28.2642557752745,2012,4,2012-08-05,_current,Maize-Soybean,13,10
loc_surface[2],loc_surface,2,35.6613804823391,5.59872276464748,23.5321239999799,45.547254116729,1.00045614301514,11405,32.1791253604346,39.5502820769976,2012,4,2012-08-05,_current,Switchgrass,13,10
loc_surface[3],loc_surface,3,21.6175115627479,9.489720959668,1.80170648314339,38.7570451354805,1.00005027836498,10867,15.5025439023157,28.3067752631282,2012,4,2012-08-05,_current,Miscanthus,13,10
loc_surface[4],loc_surface,4,19.0894449368233,4.3799168118167,11.089773986955,28.3433405443021,1.00075652418159,12608,16.135972681557,21.8574578099954,2012,4,2012-08-05,_current,Prairie,13,10
scale_detect,scale_detect,NA,1.34725757430831,0.174921938173201,1.04807947954799,1.73107520109423,1.00026917490541,8342,1.22399727454027,1.45312848120127,2012,4,2012-08-05,_current,NA,0,6
scale_surface[1],scale_surface,1,10.6772773119691,3.57824910147799,5.47324865092405,19.646729022972,1.00024160763233,20000,8.33156862185064,12.3341924998651,2012,4,2012-08-05,_current,Maize-Soybean,6,5
scale_surface[2],scale_surface,2,8.26344868721511,1.47309563300901,6.02957409792117,11.6662790144292,1.00007678847234,14074,7.26604648866942,9.00809331283919,2012,4,2012-08-05,_current,Switchgrass,6,5
scale_surface[3],scale_surface,3,12.5366507467048,4.24471725117904,6.47724343854525,23.2902824309053,1.00007310124592,20000,9.67154987692891,14.5478504055371,2012,4,2012-08-05,_current,Miscanthus,6,5
scale_surface[4],scale_surface,4,6.1546009367941,1.89082624713422,3.37343248948845,10.5875751621092,1.00002504010773,16828,4.85911157728394,7.10491262154367,2012,4,2012-08-05,_current,Prairie,6,5
sig_tube,sig_tube,NA,0.615239547178941,0.0685785720341728,0.492200301758806,0.758029998857031,1.00027707900017,8476,0.567406582340002,0.659462682830627,2012,4,2012-08-05,_current,NA,0,3
sigma[1],sigma,1,1.62850623329083,0.0657623092644596,1.50596069213731,1.76417509564211,1.00014716698552,20000,1.58338196385219,1.67110227695482,2012,4,2012-08-05,_current,Maize-Soybean,0,3
sigma[2],sigma,2,1.64840757557251,0.0675638882166074,1.524655210212,1.78809174710891,1.00006788275488,20000,1.6015630853989,1.6925708054934,2012,4,2012-08-05,_current,Switchgrass,0,3
sigma[3],sigma,3,1.70273397736001,0.0739181126330627,1.56504326581078,1.85538534486548,0.999802440214545,20000,1.65182976336443,1.7506168829332,2012,4,2012-08-05,_current,Miscanthus,0,3
sigma[4],sigma,4,1.53294654609646,0.0597556220611328,1.42275663868535,1.65402140098551,0.999821768063441,20000,1.4907816229991,1.57277894520133,2012,4,2012-08-05,_current,Prairie,0,3
b_depth[1],b_depth,1,0.360339046679091,0.206217827132555,-0.0643605373815206,0.745982980304179,0.999823529786574,20000,0.223819430559345,0.500979207519175,2012,5,2012-08-30,_current,Maize-Soybean,-1,5
b_depth[2],b_depth,2,-0.29747520516685,0.331580552449604,-0.980640057538752,0.294112952238456,1.00021744892064,15721,-0.519224613016442,-0.0568340044309575,2012,5,2012-08-30,_current,Switchgrass,-1,5
b_depth[3],b_depth,3,-0.34415475375147,0.236965364606976,-0.851082355272119,0.0693375213162286,0.999950363878092,15456,-0.495883816258384,-0.175114586365739,2012,5,2012-08-30,_current,Miscanthus,-1,5
b_depth[4],b_depth,4,-0.683764925157946,0.237311197154397,-1.16337432650975,-0.23544905190805,0.999967933515821,20000,-0.841524179988978,-0.517797031795602,2012,5,2012-08-30,_current,Prairie,-1,5
intercept[1],intercept,1,-5.26884084248289,0.171378005338206,-5.6046726677754,-4.93191689046722,1.00059899618872,7424,-5.3834325470032,-5.15381886942628,2012,5,2012-08-30,_current,Maize-Soybean,-6,6
intercept[2],intercept,2,-4.89185155860501,0.237016858615526,-5.34411156877613,-4.41757205395683,1.00009153716131,8106,-5.0511435741948,-4.73713405143539,2012,5,2012-08-30,_current,Switchgrass,-6,6
intercept[3],intercept,3,-5.985178875475,0.184990401127536,-6.34944209642732,-5.62458292890328,1.00087228463694,8679,-6.10888851595773,-5.86189675680782,2012,5,2012-08-30,_current,Miscanthus,-6,6
intercept[4],intercept,4,-5.65961519681725,0.23176035661888,-6.12011858960766,-5.20921139552267,1.00007387236139,7750,-5.81236294465908,-5.50616031365341,2012,5,2012-08-30,_current,Prairie,-6,6
loc_detect,loc_detect,NA,-6.87793487599522,0.171044024211955,-7.24348672383009,-6.57151763618754,1.0000315510823,9849,-6.98492797915534,-6.75899511697404,2012,5,2012-08-30,_current,NA,-8,10
loc_surface[1],loc_surface,1,17.690546289259,4.1672834153699,10.0708081899735,26.3814378428015,0.999851616438085,17548,14.9014182739893,20.334227023008,2012,5,2012-08-30,_current,Maize-Soybean,13,10
loc_surface[2],loc_surface,2,24.6432136334483,7.26566127430344,8.53342577914952,37.3188914643005,1.00019028224967,15672,20.3831801894922,29.5788589558507,2012,5,2012-08-30,_current,Switchgrass,13,10
loc_surface[3],loc_surface,3,18.0831149233065,7.80698318989849,1.38012219623145,32.2330512454934,0.999997888247322,20000,13.2077095607674,23.3881265914019,2012,5,2012-08-30,_current,Miscanthus,13,10
loc_surface[4],loc_surface,4,18.828360393559,5.28134532270804,8.04737228994311,28.8639025233342,0.999976579925854,20000,15.5284215436119,22.2533141037839,2012,5,2012-08-30,_current,Prairie,13,10
scale_detect,scale_detect,NA,1.10181119459015,0.159784632917058,0.827681398211404,1.45149967889673,1.00001915765604,8825,0.989486601038937,1.19867450150833,2012,5,2012-08-30,_current,NA,0,6
scale_surface[1],scale_surface,1,5.26477616367424,1.96532527011126,2.30879728425399,9.85092933678766,0.999951886777877,20000,3.93023508834768,6.26502268118491,2012,5,2012-08-30,_current,Maize-Soybean,6,5
scale_surface[2],scale_surface,2,8.83243086785842,3.05200456498199,5.06085610623388,16.7427364033085,1.00027035473492,20000,6.85973144044672,9.99006151290452,2012,5,2012-08-30,_current,Switchgrass,6,5
scale_surface[3],scale_surface,3,10.800207049363,4.09331391650639,5.25939465682143,21.4099616677394,0.999887948476992,20000,8.05663866944426,12.6500722129419,2012,5,2012-08-30,_current,Miscanthus,6,5
scale_surface[4],scale_surface,4,6.89230489433389,2.63006681503681,3.60507756123915,13.8014178364392,1.00014898832817,20000,5.19422847536941,7.8923133734744,2012,5,2012-08-30,_current,Prairie,6,5
sig_tube,sig_tube,NA,0.700448492934704,0.0842844456243605,0.549137671889593,0.877467172384015,1.00011604878588,11041,0.641365986048511,0.753877620064968,2012,5,2012-08-30,_current,NA,0,3
sigma[1],sigma,1,1.6894960982689,0.068534635057431,1.56196826995694,1.83263607449272,0.999940108936477,20000,1.64275478980291,1.73412219787864,2012,5,2012-08-30,_current,Maize-Soybean,0,3
sigma[2],sigma,2,1.64324531321903,0.0832280882325173,1.49134148589807,1.81456621071569,0.999827911081815,20000,1.58464818378402,1.69768488896795,2012,5,2012-08-30,_current,Switchgrass,0,3
sigma[3],sigma,3,2.00288463609275,0.087736097571074,1.8392605061127,2.18352280522204,0.999960555069349,20000,1.94221771670151,2.05940667313748,2012,5,2012-08-30,_current,Miscanthus,0,3
sigma[4],sigma,4,1.52175608552599,0.0784531765237996,1.37621901010981,1.6830999401588,0.999933196807448,20000,1.46733574975858,1.57288784399652,2012,5,2012-08-30,_current,Prairie,0,3
b_depth[1],b_depth,1,-0.504434446373355,0.301501444181999,-1.10866953990532,0.0780947052948706,1.00026185365868,13955,-0.706734199899731,-0.298198508871211,2012,6,2012-10-24,_current,Switchgrass,-1,5
b_depth[2],b_depth,2,-0.165142105013833,0.239749363572237,-0.727204770121052,0.234930448622991,0.999946627645038,10558,-0.299428252568446,-0.00197532733829806,2012,6,2012-10-24,_current,Miscanthus,-1,5
b_depth[3],b_depth,3,-0.464119032951114,0.155501231090329,-0.790179441549537,-0.180976819416594,0.999905171768725,20000,-0.562259241102997,-0.35703408656307,2012,6,2012-10-24,_current,Prairie,-1,5
intercept[1],intercept,1,-4.77772264073301,0.203049302532651,-5.17568291020234,-4.38046417496789,1.00174746910769,7315,-4.9138880645643,-4.64235563697329,2012,6,2012-10-24,_current,Switchgrass,-6,6
intercept[2],intercept,2,-5.87255515130947,0.208181240143196,-6.28222970841292,-5.45870193800419,1.00104735714317,7558,-6.01162497963243,-5.7343771608112,2012,6,2012-10-24,_current,Miscanthus,-6,6
intercept[3],intercept,3,-5.58014707491352,0.19093546725744,-5.95718167441154,-5.20583740121511,1.00105831389793,4796,-5.70569703814966,-5.45262956481029,2012,6,2012-10-24,_current,Prairie,-6,6
loc_detect,loc_detect,NA,-7.16875350995568,0.317757891216293,-7.90082733544547,-6.66437494718753,1.00063163147217,6906,-7.3399029838868,-6.95255505387349,2012,6,2012-10-24,_current,NA,-8,10
loc_surface[1],loc_surface,1,24.7205477957832,5.37076824334662,13.3568992877239,34.8044227737205,1.00006009762944,15613,21.3540032917724,28.3386647114896,2012,6,2012-10-24,_current,Switchgrass,13,10
loc_surface[2],loc_surface,2,16.6436180592337,10.0760793627145,-3.47193814542771,35.7217197285602,0.999856174556851,12824,9.78788811456412,23.6921394649209,2012,6,2012-10-24,_current,Miscanthus,13,10
loc_surface[3],loc_surface,3,9.43730793208645,5.540221181156,-2.56879064475641,21.0116952006374,0.999860109840643,12654,6.47224695163456,12.4851226450577,2012,6,2012-10-24,_current,Prairie,13,10
scale_detect,scale_detect,NA,1.65669897909136,0.342282155569609,1.13629008981865,2.46171120388629,1.00117760267297,6516,1.41995864608973,1.83525424814387,2012,6,2012-10-24,_current,NA,0,6
scale_surface[1],scale_surface,1,7.05136327316317,1.86056501361776,4.41963350124787,11.3862272230103,1.00014585174657,20000,5.8344468166518,7.88564214968183,2012,6,2012-10-24,_current,Switchgrass,6,5
scale_surface[2],scale_surface,2,15.0265683909277,5.62274153550852,6.06283374017525,28.1534148763603,0.99999050681694,20000,11.1842081553887,18.0669052581267,2012,6,2012-10-24,_current,Miscanthus,6,5
scale_surface[3],scale_surface,3,7.58920193145078,5.23365051206935,1.84236041171136,21.6173229792176,1.00002667017914,20000,3.90756683367927,9.79255629111019,2012,6,2012-10-24,_current,Prairie,6,5
sig_tube,sig_tube,NA,0.778268812033204,0.0964611220667248,0.6048005802158,0.983556499365152,0.999995648966286,10680,0.711165773563012,0.839776967549775,2012,6,2012-10-24,_current,NA,0,3
sigma[1],sigma,1,1.75899487804377,0.0707465383346707,1.62562762620668,1.90579081217862,0.999910008176138,20000,1.71008862471595,1.80462287761079,2012,6,2012-10-24,_current,Switchgrass,0,3
sigma[2],sigma,2,1.79404576020932,0.0825143999769051,1.64073572227123,1.96551804034929,0.99988505687194,20000,1.73703283808256,1.84739423789042,2012,6,2012-10-24,_current,Miscanthus,0,3
sigma[3],sigma,3,1.54772624960214,0.0619289026684514,1.43238316720309,1.67534163089609,0.999903008632277,20000,1.50516598345027,1.58803795589559,2012,6,2012-10-24,_current,Prairie,0,3
b_depth[1],b_depth,1,-0.11544522433633,0.416536227348782,-0.922500313477013,0.645706309626915,1.00049007041112,6780,-0.409164776006491,0.194036395915622,2013,5,2013-08-14,_current,Maize-Soybean,-1,5
b_depth[2],b_depth,2,-1.03953938952516,0.243604960836923,-1.52633237331558,-0.572938805174302,1.00023266578204,13342,-1.20229625288274,-0.874457548982562,2013,5,2013-08-14,_current,Switchgrass,-1,5
b_depth[3],b_depth,3,-0.744147719599196,0.20071028193433,-1.16356289186775,-0.376317927709203,1.00008618262703,13738,-0.872829365504975,-0.606407881902797,2013,5,2013-08-14,_current,Miscanthus,-1,5
b_depth[4],b_depth,4,-0.957573506296482,0.169772523751324,-1.29926519179978,-0.632211354568431,1.00003025243315,13838,-1.07203288305857,-0.84286537472028,2013,5,2013-08-14,_current,Prairie,-1,5
intercept[1],intercept,1,-5.45894905159214,0.219025537642872,-5.87498168699795,-5.01545470289172,1.00021944814025,6380,-5.60875832558171,-5.31443500864029,2013,5,2013-08-14,_current,Maize-Soybean,-6,6
intercept[2],intercept,2,-5.02322504418004,0.179263825780408,-5.37015709643341,-4.66845088660529,1.00011753654205,8157,-5.14294198689844,-4.90377772889714,2013,5,2013-08-14,_current,Switchgrass,-6,6
intercept[3],intercept,3,-5.7167785373567,0.180045849719323,-6.07908124999014,-5.36709451484549,1.00031563676009,6760,-5.83402017746507,-5.59618510619749,2013,5,2013-08-14,_current,Miscanthus,-6,6
intercept[4],intercept,4,-5.10948298676808,0.140903023592391,-5.38311176934834,-4.82862785421217,1.00013518748557,6041,-5.20410011960022,-5.01645224190868,2013,5,2013-08-14,_current,Prairie,-6,6
loc_detect,loc_detect,NA,-6.96825008414053,0.20551224204676,-7.40074477649917,-6.59769318945865,1.00090204346268,5172,-7.09939539634903,-6.82421326918233,2013,5,2013-08-14,_current,NA,-8,10
loc_surface[1],loc_surface,1,33.3778503209084,10.2730379885748,8.50500375621713,48.4077657925175,1.00034482500356,6440,27.8031310120004,40.9529487904385,2013,5,2013-08-14,_current,Maize-Soybean,13,10
loc_surface[2],loc_surface,2,22.0705629032958,2.6364861073641,16.831874297249,27.2292211104897,1.00011237731306,14138,20.3202207648779,23.8183682328696,2013,5,2013-08-14,_current,Switchgrass,13,10
loc_surface[3],loc_surface,3,13.8254066142843,3.21745915309703,8.84117483452247,21.0669492653924,1.00071015277259,8575,11.4542036352588,15.8324506647644,2013,5,2013-08-14,_current,Miscanthus,13,10
loc_surface[4],loc_surface,4,19.736996030445,2.47934308598393,14.7759772230164,24.4978760787745,1.00005643789151,10992,18.0985919349563,21.4088758930379,2013,5,2013-08-14,_current,Prairie,13,10
scale_detect,scale_detect,NA,0.78423464949867,0.121745635495244,0.570515302842122,1.04587969948416,1.00103365583013,5166,0.697811617347632,0.860644537105121,2013,5,2013-08-14,_current,NA,0,6
scale_surface[1],scale_surface,1,12.2414022110425,3.62385714110837,7.76990225343278,21.8160823264911,1.00017905894821,8311,9.77346738561392,13.7254438508116,2013,5,2013-08-14,_current,Maize-Soybean,6,5
scale_surface[2],scale_surface,2,4.03888970522259,0.733399371129095,2.88100215211427,5.73703397277009,0.999966623517628,11785,3.53073473488778,4.43467249718968,2013,5,2013-08-14,_current,Switchgrass,6,5
scale_surface[3],scale_surface,3,2.49699460982253,0.922015718328539,1.14225939038504,4.5947463489657,1.0005922412649,8505,1.78997336736719,3.06001557360495,2013,5,2013-08-14,_current,Miscanthus,6,5
scale_surface[4],scale_surface,4,3.72968929567257,0.5657645458185,2.71286759587478,4.92416291753759,0.999904376139575,14968,3.34130505826186,4.08151251411405,2013,5,2013-08-14,_current,Prairie,6,5
sig_tube,sig_tube,NA,0.495474285935425,0.0764800344376834,0.356735744438605,0.658777695006987,1.00138808712354,5263,0.442873133926577,0.544300106159921,2013,5,2013-08-14,_current,NA,0,3
sigma[1],sigma,1,1.59105556138529,0.0934288714508791,1.41876560805114,1.7850608506283,1.00018488592074,20000,1.52609414146921,1.6512285709019,2013,5,2013-08-14,_current,Maize-Soybean,0,3
sigma[2],sigma,2,1.83569496100792,0.0880610454595463,1.67477142336391,2.01688155288549,0.999932638536715,20000,1.77461730104899,1.89332287624441,2013,5,2013-08-14,_current,Switchgrass,0,3
sigma[3],sigma,3,1.82659749134856,0.0911191320922627,1.65814088245275,2.01700801134307,1.00017401769733,20000,1.76356829203113,1.88529016547082,2013,5,2013-08-14,_current,Miscanthus,0,3
sigma[4],sigma,4,1.35342880896775,0.0543665069476725,1.25195544204635,1.46372651899153,0.999934488279851,20000,1.3159791988562,1.38969911187186,2013,5,2013-08-14,_current,Prairie,0,3
b_depth[1],b_depth,1,-0.42025657619339,0.239855940520099,-0.918630470613668,0.0225387990422989,0.99996358214429,13118,-0.573518611791698,-0.255049269561803,2014,2,2014-08-14,_current,Maize-Soybean,-1,5
b_depth[2],b_depth,2,-1.39199417938378,0.200694114192449,-1.79781221712535,-1.00929703717473,1.0003030008046,8548,-1.52240287573036,-1.25524748737217,2014,2,2014-08-14,_current,Switchgrass,-1,5
b_depth[3],b_depth,3,-0.819943757879421,0.158302403927404,-1.15269808770878,-0.529089147007151,0.999930956496041,9415,-0.921623949612998,-0.710512006982153,2014,2,2014-08-14,_current,Miscanthus,-1,5
b_depth[4],b_depth,4,-1.20130814174047,0.171272491008116,-1.54935062367367,-0.87847645065737,0.999973718646229,10692,-1.31340990999473,-1.08309825835992,2014,2,2014-08-14,_current,Prairie,-1,5
intercept[1],intercept,1,-4.90607334474207,0.192420376862406,-5.28106515931503,-4.52874276894919,1.00005426548647,9379,-5.03297509818957,-4.77978206110815,2014,2,2014-08-14,_current,Maize-Soybean,-6,6
intercept[2],intercept,2,-4.6274617414469,0.132271735970993,-4.88288849451781,-4.36719469972422,1.00021442155976,8737,-4.71708742986009,-4.53907328514036,2014,2,2014-08-14,_current,Switchgrass,-6,6
intercept[3],intercept,3,-5.08747485277669,0.124425494429825,-5.33458336986179,-4.84631357088158,1.0009816106425,7085,-5.17149284190303,-5.0016009086311,2014,2,2014-08-14,_current,Miscanthus,-6,6
intercept[4],intercept,4,-4.84048853763168,0.119530413096756,-5.07479244393007,-4.60574019343765,1.00085596893968,5868,-4.91999782332686,-4.75966083479623,2014,2,2014-08-14,_current,Prairie,-6,6
loc_detect,loc_detect,NA,-5.67090996031703,0.11005615821889,-5.89582742931068,-5.4633984469776,1.00114794550147,3983,-5.74279554493508,-5.59558481941691,2014,2,2014-08-14,_current,NA,-8,10
loc_surface[1],loc_surface,1,18.3390891842541,6.41909364653674,5.36854994947938,30.8671484339008,1.00006733829073,11611,14.2320110804644,22.5404407139497,2014,2,2014-08-14,_current,Maize-Soybean,13,10
loc_surface[2],loc_surface,2,27.614950283721,2.47959806092492,22.6166905972158,32.4216867387108,1.00010444115969,18051,26.0043980280946,29.28862080481,2014,2,2014-08-14,_current,Switchgrass,13,10
loc_surface[3],loc_surface,3,17.6740581164584,3.10054713730439,11.7670753568201,23.9850165561584,1.00002600926991,12893,15.6004145601432,19.7227257009043,2014,2,2014-08-14,_current,Miscanthus,13,10
loc_surface[4],loc_surface,4,26.1481473861176,2.33885220947614,21.5559047266661,30.7140556763492,1.00001555203691,14125,24.5643347481136,27.7125102570097,2014,2,2014-08-14,_current,Prairie,13,10
scale_detect,scale_detect,NA,0.584913064404896,0.0838798942427551,0.435886698247047,0.765252840382348,1.00145656608066,3636,0.525802776963305,0.638170462676876,2014,2,2014-08-14,_current,NA,0,6
scale_surface[1],scale_surface,1,7.81175248871207,3.23162794463634,3.21883647199848,15.7946418110995,0.999956543577393,20000,5.60293680232559,9.33530358325105,2014,2,2014-08-14,_current,Maize-Soybean,6,5
scale_surface[2],scale_surface,2,5.2778936195246,0.675730710978531,4.11107421674637,6.75407418901844,1.00050133400762,7835,4.80512591725715,5.68218900803015,2014,2,2014-08-14,_current,Switchgrass,6,5
scale_surface[3],scale_surface,3,5.32140352484789,1.01068265177342,3.5492393230564,7.49674149179276,1.00010621010171,20000,4.61658430961489,5.94036580394042,2014,2,2014-08-14,_current,Miscanthus,6,5
scale_surface[4],scale_surface,4,5.41639895382422,0.603097649711644,4.34140475671849,6.73834958806435,1.0002633047649,20000,4.99989792610075,5.78918991376418,2014,2,2014-08-14,_current,Prairie,6,5
sig_tube,sig_tube,NA,0.418839679611292,0.0646683790277044,0.30321972283521,0.555170091495283,1.00118010354953,3826,0.373732900470616,0.460683406467739,2014,2,2014-08-14,_current,NA,0,3
sigma[1],sigma,1,1.95128287444032,0.130222172473461,1.71856213129171,2.22727763606232,0.999875986551183,20000,1.8605592142688,2.03400900282162,2014,2,2014-08-14,_current,Maize-Soybean,0,3
sigma[2],sigma,2,1.76454834262455,0.0734040055919176,1.62796433585746,1.91431193059526,0.999950255616946,20000,1.71355822288012,1.81239822838145,2014,2,2014-08-14,_current,Switchgrass,0,3
sigma[3],sigma,3,1.98744086519712,0.0777140380370604,1.84320648317441,2.14684337096264,0.999989527744343,20000,1.93330999891452,2.0391464412389,2014,2,2014-08-14,_current,Miscanthus,0,3
sigma[4],sigma,4,1.25407252740958,0.0530909108858841,1.1549915290016,1.36424247114902,0.999813788291352,20000,1.21756370359855,1.28901897819219,2014,2,2014-08-14,_current,Prairie,0,3
